page rank,identifier
43755.67044109997,"Museum of Comparative Zoology, Harvard University"
38889.60314947475,SEMC
22989.264288595696,Invertebrate Zoology
16194.707669663718,ANTWEB
14481.365188894268,IZ
14193.558145896275,KUH
11960.173036343947,Harvard University
11892.287812134375,Herps
11363.621308593722,KANU
11089.92627969393,Birds
10836.291947410824,Herpetology
10827.782713653383,HERP
10793.867515775284,Plants
10697.193048020948,BOT
9395.497063510747,Fish
9324.96007372337,Mala
9253.29556566043,Insects
8680.00694844864,Herp
8499.732411865152,Mammals
8060.980324000356,Orn
7393.053824410777,CONN
7163.278331349262,Eggs
7045.929166000002,NCSU
7030.949701101244,KUM
6846.231891082589,OSAC
6606.410963551635,ENT
6025.398177218651,DS
5803.102754909716,TAMUIC
5642.520424743084,ICH
5046.408455071943,KUMIP
4928.936289295712,"Museum of Comparative Zoology, H"
4844.663955125014,DMNS
4692.895981882431,AMNH
4618.683031166241,IP
4513.28098069008,GH
4496.547383159733,fish
4456.278390555561,CSUC
4399.656570411684,Ich
4238.349745033075,"CASC, San Francisco, CA, USA"
4133.568839771833,ORN
4078.5357121357442,Ent
3801.157307345272,NCSM
3748.727084058767,FH
3631.11007918339,A
3581.504662350425,JTLC
3545.1215349702393,NMSU
3412.616739523809,UCMC
3141.310982574516,Fishes
2887.1246573164653,SU (ICH)
2623.12239366567,UAIC
2588.9204061755927,YU
2414.0724240079353,Bird
2306.6441091046577,Ichthyology
2260.232335615078,TTU-Z
2244.6260777096836,ASUHIC
2199.114771659222,MSBA
2083.321020272816,Botany
1994.751728015872,ILLS
1985.307781226189,mollusk
1978.2737646736127,Mamm
1900.389241765475,NCSM-Fishes
1851.9461107849665,Fungi
1842.2777593489573,Mites
1799.1781196770826,NEBC
1744.6572686755935,KUI
1667.1363313988086,LOT
1595.7771598586303,ANIC
1442.2657478720232,CBS
1430.0481461309507,CUIC
1402.9494045944946,UDCC
1333.5954846874993,UCR
1331.6856705357136,UK
1299.5069270833344,MEMU
1297.13337544643,Florida State University
1280.7098086805547,MAM
1233.6725783333322,SUR
1158.8523133593746,NAUF
1044.3088297767838,NCSM-Herp
1032.8549297619043,SUA
994.2087677827386,NPS
869.3159681764636,KBVE-SRBE
725.7922147321431,BPBM
697.9469806175598,INBio
685.6693519144344,BYUC
682.4899968750001,CMNH
681.7140000000002,NCU
677.2742248511902,UCB
663.1706137648815,urn:lsid:biosci.ohio-state.edu:osuc_names:605
659.9858598214287,CSCA
637.6568227678567,SIIS
624.903103764881,NCSM-Invert
613.9403759337804,AMES
612.6074889415926,Arthropods
591.9139943452384,crustacean
463.571911235119,urn:lsid:biosci.ohio-state.edu:osuc_names:111120
399.4556611607142,CAS
395.58529275242694,NCSM-Mammals
387.61357778273805,KUIT
342.6312926153275,urn:lsid:biosci.ohio-state.edu:osuc_names:13712
314.8659379464287,FSU
311.23286339285676,UMAM
239.4303061755954,EPEC
232.88633831845215,urn:lsid:biosci.ohio-state.edu:osuc_names:13556
232.36326374999956,VP
199.02865892857122,urn:lsid:biosci.ohio-state.edu:osuc_names:461
184.33177440476197,L
177.282007217262,"MHNG, Geneva, Switzerland"
177.0469455357144,herbarium
167.25955096726187,"BMNH, London, U. K."
165.70510081845234,urn:lsid:biosci.ohio-state.edu:osuc_names:496
163.13310833333327,MGBPC
159.2847383928571,Amphibians
152.83615394345242,urn:lsid:biosci.ohio-state.edu:osuc_names:108
150.1494354910713,urn:lsid:biosci.ohio-state.edu:osuc_names:15368
142.32828666294654,JDM
136.96678928571433,BYU
134.39926056547625,LACM
128.19884955357142,urn:lsid:biosci.ohio-state.edu:osuc_names:15236
125.22357633928584,UMNH
117.0851478720239,Ornithology
115.46476681547618,urn:lsid:biosci.ohio-state.edu:osuc_names:297035
114.04703385416663,urn:lsid:biosci.ohio-state.edu:osuc_names:15243
109.87477090773817,urn:lsid:biosci.ohio-state.edu:osuc_names:487
105.47552001488094,"NHMB, Basel, Switzerland"
103.48326547619048,"UCDC, Davis, CA, USA"
102.3092093005953,urn:lsid:biosci.ohio-state.edu:osuc_names:67
95.60941696428574,MMPC
95.55115022321432,urn:lsid:biosci.ohio-state.edu:osuc_names:589
91.58632680431549,http://biimages.biodiversity.ku.edu/static/Entomology/originals/sp6-1906610478252070217.att.JPG
91.48392678571422,PDA
91.29406183035711,urn:lsid:biosci.ohio-state.edu:osuc_names:556
91.16270394345236,"PSWC, Davis, CA, USA"
90.34750840773809,"MCZC, Cambridge, MA, USA"
87.06548891369044,urn:lsid:biosci.ohio-state.edu:osuc_names:295703
86.81763422619052,urn:lsid:biosci.ohio-state.edu:osuc_names:95
85.1312848214285,TERC
84.73209598214287,SOSC
82.97688392857134,urn:lsid:biosci.ohio-state.edu:osuc_names:295195
82.81537254464286,urn:lsid:biosci.ohio-state.edu:osuc_names:455
81.9605900297619,urn:lsid:biosci.ohio-state.edu:osuc_names:15379
81.58187455357148,EMSC
80.14155081845249,"OIST, Okinawa, Japan"
80.08390513392862,USNM
79.44770037202379,urn:lsid:biosci.ohio-state.edu:osuc_names:474
79.34319717261904,http://biimages.biodiversity.ku.edu/static/Entomology/originals/sp65680917291457919967.att.JPG
79.33696889880954,MCZC
78.20262846726183,"MSNG, Genoa, Italy"
76.28748258928573,MCZ:Ent:610026
76.28748258928573,Reptiles
76.28548281250005,urn:lsid:biosci.ohio-state.edu:osuc_names:297418
76.10235587797627,urn:lsid:biosci.ohio-state.edu:osuc_names:295753
70.31627053571437,B
69.59127429315478,urn:lsid:biosci.ohio-state.edu:osuc_names:13800
68.21623422619052,urn:lsid:biosci.ohio-state.edu:osuc_names:296309
67.99208340773805,urn:lsid:biosci.ohio-state.edu:osuc_names:296303
66.57966421130955,urn:lsid:biosci.ohio-state.edu:osuc_names:544
64.63683110119048,urn:lsid:biosci.ohio-state.edu:osuc_names:296770
61.20228340773805,urn:lsid:biosci.ohio-state.edu:osuc_names:7836
59.41868900669639,urn:lsid:biosci.ohio-state.edu:osuc_names:575
58.93811741071417,urn:lsid:biosci.ohio-state.edu:osuc_names:295699
58.799038690476124,urn:lsid:biosci.ohio-state.edu:osuc_names:15279
58.276185476190506,Cryo
56.19871160714282,urn:lsid:biosci.ohio-state.edu:osuc_names:7851
56.1049358630953,urn:lsid:biosci.ohio-state.edu:osuc_names:295723
52.48612410714282,urn:lsid:biosci.ohio-state.edu:osuc_names:296686
52.27709747023804,urn:lsid:biosci.ohio-state.edu:osuc_names:370
49.82481584821425,urn:lsid:biosci.ohio-state.edu:osuc_names:295520
49.7342162202381,urn:lsid:biosci.ohio-state.edu:osuc_names:296147
47.68163191964282,urn:lsid:biosci.ohio-state.edu:osuc_names:15208
47.389587351190464,urn:lsid:biosci.ohio-state.edu:osuc_names:296313
46.48745022321431,urn:lsid:biosci.ohio-state.edu:osuc_names:504
46.45945967261907,urn:lsid:biosci.ohio-state.edu:osuc_names:264884
46.138071130952355,urn:lsid:biosci.ohio-state.edu:osuc_names:296570
45.94714367559526,urn:lsid:biosci.ohio-state.edu:osuc_names:296407
44.85301026785714,urn:lsid:biosci.ohio-state.edu:osuc_names:606
44.5896924107143,UNHP
44.21133995535711,urn:lsid:biosci.ohio-state.edu:osuc_names:111121
44.0543517857143,TAMU
42.39128125000004,IRCW
41.51829709821429,urn:lsid:biosci.ohio-state.edu:osuc_names:15330
38.00346994047623,urn:lsid:biosci.ohio-state.edu:osuc_names:294950
38.00261741071428,"USNM, Washington, DC, USA"
36.56828794642859,urn:lsid:biosci.ohio-state.edu:osuc_names:456
35.55682589285719,urn:lsid:biosci.ohio-state.edu:osuc_names:295785
35.55406845238095,urn:lsid:biosci.ohio-state.edu:osuc_names:81
35.366885044642856,urn:lsid:biosci.ohio-state.edu:osuc_names:295252
34.52213303571431,urn:lsid:biosci.ohio-state.edu:osuc_names:296530
34.408198883928605,urn:lsid:biosci.ohio-state.edu:osuc_names:527
33.7477033482143,urn:lsid:biosci.ohio-state.edu:osuc_names:296957
33.70972656250002,urn:lsid:biosci.ohio-state.edu:osuc_names:549
33.67983616071434,urn:lsid:biosci.ohio-state.edu:osuc_names:296768
33.357615327381,urn:lsid:biosci.ohio-state.edu:osuc_names:315665
33.238340848214314,urn:lsid:biosci.ohio-state.edu:osuc_names:296756
33.20544888392863,urn:lsid:biosci.ohio-state.edu:osuc_names:7843
32.837001711309554,http://biimages.biodiversity.ku.edu/static/Entomology/originals/sp69045940205517169446.att.JPG
32.594093973214335,urn:lsid:biosci.ohio-state.edu:osuc_names:296780
32.55779188988101,urn:lsid:biosci.ohio-state.edu:osuc_names:156
32.11146473214288,urn:lsid:biosci.ohio-state.edu:osuc_names:295587
31.943658035714275,urn:lsid:biosci.ohio-state.edu:osuc_names:295804
31.17358839285714,urn:lsid:biosci.ohio-state.edu:osuc_names:296525
30.815584077380986,urn:lsid:biosci.ohio-state.edu:osuc_names:23188
30.6786354166667,urn:lsid:biosci.ohio-state.edu:osuc_names:295253
30.450968229166723,urn:lsid:biosci.ohio-state.edu:osuc_names:174612
30.32095617559525,urn:lsid:biosci.ohio-state.edu:osuc_names:297230
29.1831767857143,urn:lsid:biosci.ohio-state.edu:osuc_names:296709
29.129262500000067,urn:lsid:biosci.ohio-state.edu:osuc_names:467
28.97769308035717,P. Hernandez
28.87800022321429,urn:lsid:biosci.ohio-state.edu:osuc_names:15214
28.74555327380954,ALWC
28.694593750000042,http://biimages.biodiversity.ku.edu/static/Entomology/originals/sp6-4441045051960002523.att.JPG
28.161404687500013,urn:lsid:biosci.ohio-state.edu:osuc_names:9375
27.593211309523834,Wetterer
27.35561607142859,urn:lsid:biosci.ohio-state.edu:osuc_names:284
27.01439546130953,urn:lsid:biosci.ohio-state.edu:osuc_names:295665
26.86668898809527,urn:lsid:biosci.ohio-state.edu:osuc_names:296968
26.737946874999903,WFBM
26.63480468750004,urn:lsid:biosci.ohio-state.edu:osuc_names:296752
26.228037946428607,urn:lsid:biosci.ohio-state.edu:osuc_names:185037
26.21874107142859,INBC
26.159282812500013,urn:lsid:biosci.ohio-state.edu:osuc_names:295871
26.091726785714282,urn:lsid:biosci.ohio-state.edu:osuc_names:71
26.09121450892858,urn:lsid:biosci.ohio-state.edu:osuc_names:103
26.00515959821429,urn:lsid:biosci.ohio-state.edu:osuc_names:296242
25.76777938988096,urn:lsid:biosci.ohio-state.edu:osuc_names:562
24.936755133928568,ECON
24.842196428571455,urn:lsid:biosci.ohio-state.edu:osuc_names:251380
24.71041354166669,urn:lsid:biosci.ohio-state.edu:osuc_names:179656
24.675173958333353,urn:lsid:biosci.ohio-state.edu:osuc_names:297040
24.399835937500022,urn:lsid:biosci.ohio-state.edu:osuc_names:269053
23.918310937500017,urn:lsid:biosci.ohio-state.edu:osuc_names:13787
23.86082336309525,urn:lsid:biosci.ohio-state.edu:osuc_names:148
23.46255156250003,urn:lsid:biosci.ohio-state.edu:osuc_names:296307
23.03230230654764,urn:lsid:biosci.ohio-state.edu:osuc_names:296698
23.00742336309526,urn:lsid:biosci.ohio-state.edu:osuc_names:297007
22.908742410714275,urn:lsid:biosci.ohio-state.edu:osuc_names:462
22.553495535714287,urn:lsid:biosci.ohio-state.edu:osuc_names:128379
22.453867187500023,"AFRC, Pretoria, South Africa"
22.365104166666672,FMNH
22.199018973214287,http://biimages.biodiversity.ku.edu/static/Entomology/originals/sp61265871127825176440.att.JPG
22.18967782738096,urn:lsid:biosci.ohio-state.edu:osuc_names:15213
21.808239062500036,http://biimages.biodiversity.ku.edu/static/Entomology/originals/sp6-5563134890513453579.att.JPG
21.746208035714297,urn:lsid:biosci.ohio-state.edu:osuc_names:15307
21.58791577380953,urn:lsid:biosci.ohio-state.edu:osuc_names:15339
21.57741220238095,"ANIC, Canberra, Australia"
21.38051450892858,urn:lsid:biosci.ohio-state.edu:osuc_names:254711
21.16822827380953,urn:lsid:biosci.ohio-state.edu:osuc_names:296671
21.136499999999945,5
20.959168750000003,urn:lsid:biosci.ohio-state.edu:osuc_names:8298
20.92255044642858,urn:lsid:biosci.ohio-state.edu:osuc_names:266
20.88636979166669,urn:lsid:biosci.ohio-state.edu:osuc_names:268634
20.706845238095255,http://biimages.biodiversity.ku.edu/static/Entomology/originals/sp6-2426756864829007708.att.JPG; http://biimages.biodiversity.ku.edu/static/Entomology/originals/sp66651326422339053033.att.JPG
20.532225260416663,http://biimages.biodiversity.ku.edu/static/Entomology/originals/sp6-162841055964884232.att.JPG
20.4089379464286,urn:lsid:biosci.ohio-state.edu:osuc_names:297116
20.388917410714296,urn:lsid:biosci.ohio-state.edu:osuc_names:296795
19.976658556547637,urn:lsid:biosci.ohio-state.edu:osuc_names:571
19.86747656249998,urn:lsid:biosci.ohio-state.edu:osuc_names:274840
19.759272321428572,urn:lsid:biosci.ohio-state.edu:osuc_names:296451
19.707658854166688,urn:lsid:biosci.ohio-state.edu:osuc_names:328377
19.430426041666678,urn:lsid:biosci.ohio-state.edu:osuc_names:128386
19.424008035714294,urn:lsid:biosci.ohio-state.edu:osuc_names:253829
19.394683035714223,KU
19.243762500000003,urn:lsid:biosci.ohio-state.edu:osuc_names:475
19.23251138392859,urn:lsid:biosci.ohio-state.edu:osuc_names:15270
19.170154017857158,urn:lsid:biosci.ohio-state.edu:osuc_names:297037
19.157984598214295,http://biimages.biodiversity.ku.edu/static/Entomology/originals/sp6-2186418179846194542.att.JPG
19.000051562499994,urn:lsid:biosci.ohio-state.edu:osuc_names:147
18.897653125000012,urn:lsid:biosci.ohio-state.edu:osuc_names:297786
18.877643973214283,http://biimages.biodiversity.ku.edu/static/Entomology/originals/sp67593452339947234284.att.JPG
18.59499999999999,urn:lsid:biosci.ohio-state.edu:osuc_names:276282
18.537093750000007,urn:lsid:biosci.ohio-state.edu:osuc_names:296529
18.480508035714287,urn:lsid:biosci.ohio-state.edu:osuc_names:296305
18.23667187499997,UCD
18.023481249999996,urn:lsid:biosci.ohio-state.edu:osuc_names:231743
17.892129687499988,urn:lsid:biosci.ohio-state.edu:osuc_names:268
17.749553571428564,http://biimages.biodiversity.ku.edu/static/Entomology/originals/sp68048718108055012516.att.JPG
17.685964843749986,urn:lsid:biosci.ohio-state.edu:osuc_names:279257
17.526276785714284,http://biimages.biodiversity.ku.edu/static/Entomology/originals/sp6-8129601273423195551.att.JPG
17.450370014880953,"MNHN, Paris, France"
17.326659598214285,urn:lsid:biosci.ohio-state.edu:osuc_names:295523
17.29396874999998,urn:lsid:biosci.ohio-state.edu:osuc_names:152
17.201265625000016,urn:lsid:biosci.ohio-state.edu:osuc_names:296662
17.17750910528273,urn:lsid:biosci.ohio-state.edu:osuc_names:297676
17.102647916666665,urn:lsid:biosci.ohio-state.edu:osuc_names:187759
17.032965624999985,urn:lsid:biosci.ohio-state.edu:osuc_names:235611
16.670994642857128,"ABS, Lake Placid, FL, USA"
16.669749999999965,1
16.65262857142854,urn:lsid:biosci.ohio-state.edu:osuc_names:75913
16.487561607142855,urn:lsid:biosci.ohio-state.edu:osuc_names:295798
16.422870535714274,urn:lsid:biosci.ohio-state.edu:osuc_names:13429
16.29070312499999,http://biimages.biodiversity.ku.edu/static/Entomology/originals/sp63024896877383637131.att.JPG
16.247133035714278,http://biimages.biodiversity.ku.edu/static/Entomology/originals/sp63604204840686628620.att.JPG
16.189784598214267,urn:lsid:biosci.ohio-state.edu:osuc_names:436
16.120224999999973,urn:lsid:biosci.ohio-state.edu:osuc_names:187427
16.080947916666712,UDAFE
16.080947916666712,fb4d8b80-939c-444b-a6fa-75b129549c6f
15.712509598214258,urn:lsid:biosci.ohio-state.edu:osuc_names:222084
15.60760416666669,MIZA
15.471755952380931,urn:lsid:biosci.ohio-state.edu:osuc_names:220
15.46152053571427,urn:lsid:biosci.ohio-state.edu:osuc_names:297022
15.426306249999977,urn:lsid:biosci.ohio-state.edu:osuc_names:296951
15.357704166666698,Puthz Collection
15.352471354166646,http://biimages.biodiversity.ku.edu/static/Entomology/originals/sp6-803332998866478749.att.JPG
15.347354910714268,http://biimages.biodiversity.ku.edu/static/Entomology/originals/sp63865349759042731669.att.JPG
15.341068452380918,urn:lsid:biosci.ohio-state.edu:osuc_names:321356
15.193406249999969,urn:lsid:biosci.ohio-state.edu:osuc_names:296693
15.144895535714259,8
15.132331473214265,urn:lsid:biosci.ohio-state.edu:osuc_names:295540
15.131773660714257,urn:lsid:biosci.ohio-state.edu:osuc_names:234841
15.119858482142831,urn:lsid:biosci.ohio-state.edu:osuc_names:296213
15.052370758928538,urn:lsid:biosci.ohio-state.edu:osuc_names:304
15.043638020833313,urn:lsid:biosci.ohio-state.edu:osuc_names:309880
15.028585937499972,urn:lsid:biosci.ohio-state.edu:osuc_names:257775
14.995508035714266,"LACM, Los Angeles, CA, USA"
14.83613303571426,urn:lsid:biosci.ohio-state.edu:osuc_names:296464
14.809464285714272,urn:lsid:biosci.ohio-state.edu:osuc_names:15332
14.748522321428542,urn:lsid:biosci.ohio-state.edu:osuc_names:294958
14.73482366071426,urn:lsid:biosci.ohio-state.edu:osuc_names:295242
14.734595982142826,BEBC
14.711245014880918,urn:lsid:biosci.ohio-state.edu:osuc_names:264881
14.559530133928527,urn:lsid:biosci.ohio-state.edu:osuc_names:179203
14.530087499999972,ISUI
14.501339285714248,urn:lsid:biosci.ohio-state.edu:osuc_names:296411
14.380699999999962,http://biimages.biodiversity.ku.edu/static/Entomology/originals/sp6-2756754494978592696.att.JPG
14.343406249999957,urn:lsid:biosci.ohio-state.edu:osuc_names:304339
14.334374999999957,http://biimages.biodiversity.ku.edu/static/Entomology/originals/sp69194580729798448821.att.JPG; http://biimages.biodiversity.ku.edu/static/Entomology/originals/sp68010547532478821769.att.JPG
14.325078124999973,urn:lsid:biosci.ohio-state.edu:osuc_names:296665
14.19292968749996,http://biimages.biodiversity.ku.edu/static/Entomology/originals/sp68150451393594757043.att.JPG
14.105638988095215,urn:lsid:biosci.ohio-state.edu:osuc_names:315311
14.08455468749996,http://biimages.biodiversity.ku.edu/static/Entomology/originals/sp67650333013363201860.att.jpg
13.934362723214246,urn:lsid:biosci.ohio-state.edu:osuc_names:187655
13.92903124999996,urn:lsid:biosci.ohio-state.edu:osuc_names:127
13.921540624999986,FSCA
13.862192410714247,http://biimages.biodiversity.ku.edu/static/Entomology/originals/sp6-3359888407391444860.att.JPG
13.754489062499955,urn:lsid:biosci.ohio-state.edu:osuc_names:725
13.739830357142822,urn:lsid:biosci.ohio-state.edu:osuc_names:141
13.730007291666617,urn:lsid:biosci.ohio-state.edu:osuc_names:362
13.664886160714236,urn:lsid:biosci.ohio-state.edu:osuc_names:266288
13.65601428571425,urn:lsid:biosci.ohio-state.edu:osuc_names:295444
13.487296874999961,urn:lsid:biosci.ohio-state.edu:osuc_names:297117
13.483722321428527,urn:lsid:biosci.ohio-state.edu:osuc_names:318873
13.385296874999973,UAZ
13.360586160714243,urn:lsid:biosci.ohio-state.edu:osuc_names:295704
13.355831473214248,urn:lsid:biosci.ohio-state.edu:osuc_names:231501
13.315077008928528,urn:lsid:biosci.ohio-state.edu:osuc_names:295026
13.211710937499967,urn:lsid:biosci.ohio-state.edu:osuc_names:180528
13.203981249999952,urn:lsid:biosci.ohio-state.edu:osuc_names:96
13.195906249999963,http://biimages.biodiversity.ku.edu/static/Entomology/originals/sp68956307837880112053.att.JPG
13.152609374999962,urn:lsid:biosci.ohio-state.edu:osuc_names:235185
13.11356249999996,http://biimages.biodiversity.ku.edu/static/Entomology/originals/sp63462575765617620959.att.JPG
13.10729374999996,urn:lsid:biosci.ohio-state.edu:osuc_names:309813
13.072921874999958,urn:lsid:biosci.ohio-state.edu:osuc_names:295682
13.005399999999979,4
12.98621428571425,urn:lsid:biosci.ohio-state.edu:osuc_names:296990
12.977183035714251,http://biimages.biodiversity.ku.edu/static/Entomology/originals/sp68905433499076996383.att.JPG
12.936428571428538,urn:lsid:biosci.ohio-state.edu:osuc_names:320884
12.903193191964235,urn:lsid:biosci.ohio-state.edu:osuc_names:296445
12.896148437499965,urn:lsid:biosci.ohio-state.edu:osuc_names:464
12.821985937499955,urn:lsid:biosci.ohio-state.edu:osuc_names:267278
12.652589285714242,urn:lsid:biosci.ohio-state.edu:osuc_names:296978
12.644999999999957,urn:lsid:biosci.ohio-state.edu:osuc_names:296553
12.609910937499963,urn:lsid:biosci.ohio-state.edu:osuc_names:296806
12.45560937499996,urn:lsid:biosci.ohio-state.edu:osuc_names:296266
12.396773437499968,"MZSP, Sao Paulo, Brazil"
12.363543749999959,http://biimages.biodiversity.ku.edu/static/Entomology/originals/sp65547533063858244512.att.JPG
12.353715624999959,urn:lsid:biosci.ohio-state.edu:osuc_names:7820
12.313101562499964,urn:lsid:biosci.ohio-state.edu:osuc_names:309878
12.188098437499967,QMBA
12.111439062499963,urn:lsid:biosci.ohio-state.edu:osuc_names:296534
12.060624999999991,6
12.05758928571425,http://biimages.biodiversity.ku.edu/static/Entomology/originals/sp66263407328793426187.att.JPG
12.015081696428535,http://biimages.biodiversity.ku.edu/static/Entomology/originals/sp68617708365089886760.att.JPG
11.901136160714252,urn:lsid:biosci.ohio-state.edu:osuc_names:296144
11.864593749999958,urn:lsid:biosci.ohio-state.edu:osuc_names:249935
11.854898437499989,http://biimages.biodiversity.ku.edu/static/Entomology/originals/sp67795197021380644925.att.JPG
11.848124999999964,urn:lsid:biosci.ohio-state.edu:osuc_names:92
11.823839285714252,http://biimages.biodiversity.ku.edu/static/Entomology/originals/sp65714392997803468190.att.JPG
11.800215104166627,urn:lsid:biosci.ohio-state.edu:osuc_names:277878
11.747870535714254,urn:lsid:biosci.ohio-state.edu:osuc_names:163
11.729542410714254,urn:lsid:biosci.ohio-state.edu:osuc_names:128405
11.693505952380916,urn:lsid:biosci.ohio-state.edu:osuc_names:162666
11.678921874999963,urn:lsid:biosci.ohio-state.edu:osuc_names:277409
11.636414285714253,urn:lsid:biosci.ohio-state.edu:osuc_names:244777
11.504760416666635,urn:lsid:biosci.ohio-state.edu:osuc_names:265151
11.48793749999996,urn:lsid:biosci.ohio-state.edu:osuc_names:305877
11.424453124999967,http://biimages.biodiversity.ku.edu/static/Entomology/originals/sp63152535249160280610.att.JPG
11.418849702380927,INbio
11.339187499999987,7
11.286567187499966,http://biimages.biodiversity.ku.edu/static/Entomology/originals/sp65120228322223572510.att.JPG
11.227370758928528,OUMNH
11.193422619047587,urn:lsid:biosci.ohio-state.edu:osuc_names:296728
11.167195312499961,urn:lsid:biosci.ohio-state.edu:osuc_names:235160
11.117231249999957,urn:lsid:biosci.ohio-state.edu:osuc_names:46684
11.067286160714252,urn:lsid:biosci.ohio-state.edu:osuc_names:238359
11.04965624999996,urn:lsid:biosci.ohio-state.edu:osuc_names:140044
11.049364062499967,JDMC
10.98749999999999,WSU
10.987499999999985,LBOB
10.987499999999958,http://biimages.biodiversity.ku.edu/static/Entomology/originals/sp69036038297510319988.att.JPG
10.957749999999983,3
10.938422619047584,http://biimages.biodiversity.ku.edu/static/Entomology/originals/sp66842612179624772038.att.JPG
10.924387499999966,http://biimages.biodiversity.ku.edu/static/Entomology/originals/sp6-4162383694149723582.att.JPG; http://biimages.biodiversity.ku.edu/static/Entomology/originals/sp69131912029638742232.att.JPG
10.91380803571425,http://biimages.biodiversity.ku.edu/static/Entomology/originals/sp61715679288355762541.att.JPG
10.865418749999971,http://biimages.biodiversity.ku.edu/static/Entomology/originals/sp6-7282212424136288562.att.JPG
10.841671874999967,urn:lsid:biosci.ohio-state.edu:osuc_names:296784
10.765164285714249,urn:lsid:biosci.ohio-state.edu:osuc_names:15231
10.737918749999961,http://biimages.biodiversity.ku.edu/static/Entomology/originals/sp69136656643299238751.att.JPG
10.676339285714255,http://biimages.biodiversity.ku.edu/static/Entomology/originals/sp61899367526642758754.att.JPG; http://biimages.biodiversity.ku.edu/static/Entomology/originals/sp67839884883601567270.att.JPG
10.668749999999969,http://biimages.biodiversity.ku.edu/static/Entomology/originals/sp6101272052356324563.att.JPG; http://biimages.biodiversity.ku.edu/static/Entomology/originals/sp64541029930583527199.att.JPG
10.668636160714255,urn:lsid:biosci.ohio-state.edu:osuc_names:296442
10.650776041666635,http://biimages.biodiversity.ku.edu/static/Entomology/originals/sp6-5974177434251930802.att.JPG
10.645693749999996,9
10.636761160714256,urn:lsid:biosci.ohio-state.edu:osuc_names:281917
10.591187499999965,urn:lsid:biosci.ohio-state.edu:osuc_names:472
10.554796874999964,urn:lsid:biosci.ohio-state.edu:osuc_names:235606
10.516360937499975,urn:lsid:biosci.ohio-state.edu:osuc_names:256847
10.491046874999967,urn:lsid:biosci.ohio-state.edu:osuc_names:297708
10.468222098214255,urn:lsid:biosci.ohio-state.edu:osuc_names:125298
10.448433035714249,urn:lsid:biosci.ohio-state.edu:osuc_names:17953
10.444156473214258,urn:lsid:biosci.ohio-state.edu:osuc_names:305879
10.387799702380915,urn:lsid:biosci.ohio-state.edu:osuc_names:278803
10.36821428571426,http://biimages.biodiversity.ku.edu/static/Entomology/originals/sp64012097671773437626.att.JPG; http://biimages.biodiversity.ku.edu/static/Entomology/originals/sp68829186281842409896.att.JPG
10.363513988095207,urn:lsid:biosci.ohio-state.edu:osuc_names:179960
10.327156249999966,urn:lsid:biosci.ohio-state.edu:osuc_names:150
10.322020833333301,urn:lsid:biosci.ohio-state.edu:osuc_names:97971
10.21028124999997,MZSP
10.19581607142854,urn:lsid:biosci.ohio-state.edu:osuc_names:295854
10.134312499999973,urn:lsid:biosci.ohio-state.edu:osuc_names:471
10.12594531249997,urn:lsid:biosci.ohio-state.edu:osuc_names:295386
10.119083333333343,Semc
10.113214285714255,http://biimages.biodiversity.ku.edu/static/Entomology/originals/sp6-5470344542343159272.att.JPG; http://biimages.biodiversity.ku.edu/static/Entomology/originals/sp66514913908129657549.att.JPG
10.072156249999967,http://biimages.biodiversity.ku.edu/static/Entomology/originals/sp64290286623017061926.att.JPG
10.057281249999974,urn:lsid:biosci.ohio-state.edu:osuc_names:223416
10.040300223214262,http://biimages.biodiversity.ku.edu/static/Entomology/originals/sp6-3107396063892958515.att.JPG
10.022572916666634,urn:lsid:biosci.ohio-state.edu:osuc_names:297754
9.99926116071426,urn:lsid:biosci.ohio-state.edu:osuc_names:322360
9.99446093749997,urn:lsid:biosci.ohio-state.edu:osuc_names:255018
9.944656249999973,urn:lsid:biosci.ohio-state.edu:osuc_names:234846
9.91388169642854,SAMA
9.90374999999999,LSU
9.880906249999967,urn:lsid:biosci.ohio-state.edu:osuc_names:272109
9.880600781249973,urn:lsid:biosci.ohio-state.edu:osuc_names:253855
9.836148437499967,urn:lsid:biosci.ohio-state.edu:osuc_names:185186
9.82937499999997,urn:lsid:biosci.ohio-state.edu:osuc_names:296556
9.829348437499966,http://biimages.biodiversity.ku.edu/static/Entomology/originals/sp65484212291894014936.att.JPG
9.829348437499966,BPI 669862
9.820697916666635,urn:lsid:biosci.ohio-state.edu:osuc_names:179705
9.783023437499974,http://biimages.biodiversity.ku.edu/static/Entomology/originals/sp62104517869922904298.att.JPG
9.748928571428545,PSWC
9.723409598214257,http://biimages.biodiversity.ku.edu/static/Entomology/originals/sp67606372170537959189.att.JPG
9.676463541666635,urn:lsid:biosci.ohio-state.edu:osuc_names:294969
9.662916666666645,urn:lsid:biosci.ohio-state.edu:osuc_names:75626
9.60797656249998,http://biimages.biodiversity.ku.edu/static/Entomology/originals/sp62261225843187198314.att.JPG
9.566406249999972,urn:lsid:biosci.ohio-state.edu:osuc_names:235169
9.558543749999973,urn:lsid:biosci.ohio-state.edu:osuc_names:295443
9.553124999999973,urn:lsid:biosci.ohio-state.edu:osuc_names:140003
9.539464285714255,urn:lsid:biosci.ohio-state.edu:osuc_names:76170
9.521249999999972,urn:lsid:biosci.ohio-state.edu:osuc_names:22428
9.498292410714257,urn:lsid:biosci.ohio-state.edu:osuc_names:289955
9.450008426339267,urn:lsid:biosci.ohio-state.edu:osuc_names:265664
9.425624999999973,urn:lsid:biosci.ohio-state.edu:osuc_names:234712
9.37052678571426,BBBC
9.310893973214254,urn:lsid:biosci.ohio-state.edu:osuc_names:223204
9.268739285714256,http://biimages.biodiversity.ku.edu/static/Entomology/originals/sp6614095066352995118.att.JPG
9.250995535714262,urn:lsid:biosci.ohio-state.edu:osuc_names:296126
9.22071428571426,Branstetter
9.217455952380929,urn:lsid:biosci.ohio-state.edu:osuc_names:9739
9.202499999999974,http://biimages.biodiversity.ku.edu/static/Entomology/originals/sp6-3187570663494182494.att.JPG; http://biimages.biodiversity.ku.edu/static/Entomology/originals/sp68564759970067458806.att.JPG
9.190679687499973,urn:lsid:biosci.ohio-state.edu:osuc_names:3955
9.184171874999974,http://biimages.biodiversity.ku.edu/static/Entomology/originals/sp62440960209580472592.att.JPG
9.146187499999973,urn:lsid:biosci.ohio-state.edu:osuc_names:295889
9.142999999999978,urn:lsid:biosci.ohio-state.edu:osuc_names:312501
9.12132499999997,urn:lsid:biosci.ohio-state.edu:osuc_names:296981
9.078541666666638,urn:lsid:biosci.ohio-state.edu:osuc_names:296567
9.073292410714263,http://biimages.biodiversity.ku.edu/static/Entomology/originals/sp63924361139476038246.att.JPG
8.974745535714261,urn:lsid:biosci.ohio-state.edu:osuc_names:15350
8.961949999999998,GPSC
8.947499999999996,INHS
8.946012499999975,http://biimages.biodiversity.ku.edu/static/Entomology/originals/sp65564808494455291169.att.JPG
8.919166666666639,http://biimages.biodiversity.ku.edu/static/Entomology/originals/sp61060327019363003425.att.JPG
8.913917410714262,NBTC
8.901964285714266,http://biimages.biodiversity.ku.edu/static/Entomology/originals/sp67353850662133345568.att.JPG
8.89583593749998,urn:lsid:biosci.ohio-state.edu:osuc_names:146275
8.860906249999971,urn:lsid:biosci.ohio-state.edu:osuc_names:128284
8.85826897321426,urn:lsid:biosci.ohio-state.edu:osuc_names:309875
8.834166666666643,http://biimages.biodiversity.ku.edu/static/Entomology/originals/sp65002789750385016800.att.JPG
8.820637499999979,urn:lsid:biosci.ohio-state.edu:osuc_names:15288
8.744562500000022,"cloned from record          <a href=""http://arctos.database.museum/SpecimenDetail.cfm?collection_object_id=3451707""> MCZ IZ 128611</a>"
8.708968749999979,urn:lsid:biosci.ohio-state.edu:osuc_names:15316
8.612679687499972,http://biimages.biodiversity.ku.edu/static/Entomology/originals/sp64799313486499112478.att.JPG
8.564999999999978,urn:lsid:biosci.ohio-state.edu:osuc_names:297757
8.510167410714262,urn:lsid:biosci.ohio-state.edu:osuc_names:310515
8.48021249999997,urn:lsid:biosci.ohio-state.edu:osuc_names:5231
8.442804910714262,urn:lsid:biosci.ohio-state.edu:osuc_names:49
8.42383928571426,http://biimages.biodiversity.ku.edu/static/Entomology/originals/sp68281935980586426687.att.JPG
8.400995535714268,urn:lsid:biosci.ohio-state.edu:osuc_names:328308
8.39694791666664,http://biimages.biodiversity.ku.edu/static/Entomology/originals/sp64533499472728147020.att.JPG
8.39112187499998,"SAMC, Cape Town, South Africa"
8.387802827380925,urn:lsid:biosci.ohio-state.edu:osuc_names:179162
8.333197916666643,urn:lsid:biosci.ohio-state.edu:osuc_names:185384
8.324336160714264,urn:lsid:biosci.ohio-state.edu:osuc_names:15245
8.320909598214268,http://biimages.biodiversity.ku.edu/static/Entomology/originals/sp68956029629946893373.att.JPG
8.318917410714262,urn:lsid:biosci.ohio-state.edu:osuc_names:295672
8.262187499999978,http://biimages.biodiversity.ku.edu/static/Entomology/originals/sp6891787503254616232.att.JPG
8.246755952380932,urn:lsid:biosci.ohio-state.edu:osuc_names:21597
8.235624999999978,urn:lsid:biosci.ohio-state.edu:osuc_names:128439
8.226567187499983,http://biimages.biodiversity.ku.edu/static/Entomology/originals/sp62987946410785542624.att.JPG
8.223406249999984,urn:lsid:biosci.ohio-state.edu:osuc_names:278429
8.223406249999977,BMNH
8.221148437499977,urn:lsid:biosci.ohio-state.edu:osuc_names:266883
8.21260416666665,urn:lsid:biosci.ohio-state.edu:osuc_names:128283
8.205893973214264,urn:lsid:biosci.ohio-state.edu:osuc_names:179660
8.191531249999976,http://biimages.biodiversity.ku.edu/static/Entomology/originals/sp61235493498423930215.att.JPG
8.141416666666663,NZCS
8.130316071428556,urn:lsid:biosci.ohio-state.edu:osuc_names:253835
8.118636160714264,urn:lsid:biosci.ohio-state.edu:osuc_names:297778
8.108011160714264,http://biimages.biodiversity.ku.edu/static/Entomology/originals/sp67973375831794124580.att.JPG; http://biimages.biodiversity.ku.edu/static/Entomology/originals/sp63347715517039554189.att.JPG
8.09590624999998,urn:lsid:biosci.ohio-state.edu:osuc_names:9381
8.08676116071426,urn:lsid:biosci.ohio-state.edu:osuc_names:238352
8.064031249999983,http://biimages.biodiversity.ku.edu/static/Entomology/originals/sp6598919649772179604.att.JPG
8.05499999999998,urn:lsid:biosci.ohio-state.edu:osuc_names:39167
8.054999999999978,urn:lsid:biosci.ohio-state.edu:osuc_names:555
8.016750000000004,SDNH
7.994171874999976,urn:lsid:biosci.ohio-state.edu:osuc_names:583
7.9684062499999815,urn:lsid:biosci.ohio-state.edu:osuc_names:244975
7.942587499999983,urn:lsid:biosci.ohio-state.edu:osuc_names:234590
7.941084821428549,urn:lsid:biosci.ohio-state.edu:osuc_names:18736
7.913839285714268,urn:lsid:biosci.ohio-state.edu:osuc_names:297614
7.898546874999978,urn:lsid:biosci.ohio-state.edu:osuc_names:296306
7.8956249999999795,http://biimages.biodiversity.ku.edu/static/Entomology/originals/sp6-2882891648354042930.att.JPG
7.894695312499981,http://biimages.biodiversity.ku.edu/static/Entomology/originals/sp6826486341840337407.att.JPG
7.881850446428555,urn:lsid:biosci.ohio-state.edu:osuc_names:591
7.852815104166647,urn:lsid:biosci.ohio-state.edu:osuc_names:255008
7.813546874999982,urn:lsid:biosci.ohio-state.edu:osuc_names:254665
7.809031249999982,urn:lsid:biosci.ohio-state.edu:osuc_names:97746
7.80903124999998,urn:lsid:biosci.ohio-state.edu:osuc_names:179180
7.804401785714266,urn:lsid:biosci.ohio-state.edu:osuc_names:15266
7.7992031249999805,http://biimages.biodiversity.ku.edu/static/Entomology/originals/sp64194545452690678003.att.JPG
7.773437499999985,urn:lsid:biosci.ohio-state.edu:osuc_names:265935
7.773111160714269,http://biimages.biodiversity.ku.edu/static/Entomology/originals/sp685536570074023272.att.JPG
7.745281249999981,urn:lsid:biosci.ohio-state.edu:osuc_names:309877
7.72854687499998,http://biimages.biodiversity.ku.edu/static/Entomology/originals/sp6-6855841275493981390.att.JPG
7.7249723214285595,MCZ
7.714070312499985,urn:lsid:biosci.ohio-state.edu:osuc_names:296782
7.676901785714267,http://biimages.biodiversity.ku.edu/static/Entomology/originals/sp68648493462156673036.att.JPG
7.676901785714265,http://biimages.biodiversity.ku.edu/static/Entomology/originals/sp66296191024384905709.att.JPG
7.67249999999998,http://biimages.biodiversity.ku.edu/static/Entomology/originals/sp63870390866477693068.att.JPG; http://biimages.biodiversity.ku.edu/static/Entomology/originals/sp62091183609479686673.att.JPG
7.663392857142836,urn:lsid:biosci.ohio-state.edu:osuc_names:297
7.644166666666652,urn:lsid:biosci.ohio-state.edu:osuc_names:341279
7.640624999999983,urn:lsid:biosci.ohio-state.edu:osuc_names:255010
7.640624999999982,urn:lsid:biosci.ohio-state.edu:osuc_names:269366
7.635578124999983,urn:lsid:biosci.ohio-state.edu:osuc_names:266261
7.631328124999982,http://biimages.biodiversity.ku.edu/static/Entomology/originals/sp63235448662176776809.att.JPG
7.626964285714272,http://biimages.biodiversity.ku.edu/static/Entomology/originals/sp67068877828175598198.att.JPG
7.622296874999984,urn:lsid:biosci.ohio-state.edu:osuc_names:307954
7.592679687499983,http://biimages.biodiversity.ku.edu/static/Entomology/originals/sp6-8381330037024145548.att.JPG
7.591324999999987,http://biimages.biodiversity.ku.edu/static/Entomology/originals/sp6-2294508430064231109.att.JPG
7.590421874999989,http://biimages.biodiversity.ku.edu/static/Entomology/originals/sp6359482594390527080.att.JPG
7.585906249999986,urn:lsid:biosci.ohio-state.edu:osuc_names:312487
7.585906249999984,urn:lsid:biosci.ohio-state.edu:osuc_names:296799
7.544999999999986,urn:lsid:biosci.ohio-state.edu:osuc_names:185856
7.54037053571427,urn:lsid:biosci.ohio-state.edu:osuc_names:320089
7.522156249999986,urn:lsid:biosci.ohio-state.edu:osuc_names:222081
7.513124999999984,urn:lsid:biosci.ohio-state.edu:osuc_names:187760
7.509246874999981,http://biimages.biodiversity.ku.edu/static/Entomology/originals/sp65352139120820245753.att.JPG
7.4970546874999835,urn:lsid:biosci.ohio-state.edu:osuc_names:3189
7.449374999999988,urn:lsid:biosci.ohio-state.edu:osuc_names:263126
7.4265312499999885,urn:lsid:biosci.ohio-state.edu:osuc_names:18819
7.418757291666653,urn:lsid:biosci.ohio-state.edu:osuc_names:174781
7.409258035714272,urn:lsid:biosci.ohio-state.edu:osuc_names:256849
7.402093749999983,urn:lsid:biosci.ohio-state.edu:osuc_names:513
7.398633035714271,http://biimages.biodiversity.ku.edu/static/Entomology/originals/sp6-3236195506578293294.att.JPG
7.3804187499999845,http://biimages.biodiversity.ku.edu/static/Entomology/originals/sp64895935753543187752.att.JPG
7.368199999999985,urn:lsid:biosci.ohio-state.edu:osuc_names:135
7.3354218749999855,urn:lsid:biosci.ohio-state.edu:osuc_names:316841
7.3218749999999835,urn:lsid:biosci.ohio-state.edu:osuc_names:111141
7.263437499999984,urn:lsid:biosci.ohio-state.edu:osuc_names:296711
7.258124999999989,http://biimages.biodiversity.ku.edu/static/Entomology/originals/sp66853922742200790988.att.JPG
7.2580111607142745,urn:lsid:biosci.ohio-state.edu:osuc_names:272000
7.253495535714268,urn:lsid:biosci.ohio-state.edu:osuc_names:526
7.244312499999982,http://biimages.biodiversity.ku.edu/static/Entomology/originals/sp62303521400922284450.att.JPG
7.24293124999999,http://biimages.biodiversity.ku.edu/static/Entomology/originals/sp65950159608765640821.att.JPG
7.209317460317442,urn:lsid:biosci.ohio-state.edu:osuc_names:294957
7.194374999999987,urn:lsid:biosci.ohio-state.edu:osuc_names:265264
7.187335937499986,urn:lsid:biosci.ohio-state.edu:osuc_names:254648
7.180638392857129,urn:lsid:biosci.ohio-state.edu:osuc_names:296959
7.171460416666653,urn:lsid:biosci.ohio-state.edu:osuc_names:276664
7.167369791666654,http://biimages.biodiversity.ku.edu/static/Entomology/originals/sp67424348826298354366.att.JPG
7.151874999999984,urn:lsid:biosci.ohio-state.edu:osuc_names:297038
7.149590624999987,urn:lsid:biosci.ohio-state.edu:osuc_names:15352
7.1483080357142725,urn:lsid:biosci.ohio-state.edu:osuc_names:276967
7.139656249999985,http://biimages.biodiversity.ku.edu/static/Entomology/originals/sp65182896768551435258.att.JPG
7.130624999999985,urn:lsid:biosci.ohio-state.edu:osuc_names:738
7.123737723214267,http://biimages.biodiversity.ku.edu/static/Entomology/originals/sp65738739549908659553.att.JPG
7.121328124999988,urn:lsid:biosci.ohio-state.edu:osuc_names:296700
7.103177083333322,http://biimages.biodiversity.ku.edu/static/Entomology/originals/sp64074777120193933328.att.JPG
7.06979687499999,urn:lsid:biosci.ohio-state.edu:osuc_names:283730
7.052783593749994,urn:lsid:biosci.ohio-state.edu:osuc_names:253831
7.021187499999987,urn:lsid:biosci.ohio-state.edu:osuc_names:2720
7.003124999999984,urn:lsid:biosci.ohio-state.edu:osuc_names:4313
6.992499999999984,"MIZA, Maracay, Venezuela"
6.978687499999989,urn:lsid:biosci.ohio-state.edu:osuc_names:295487
6.973242187499985,urn:lsid:biosci.ohio-state.edu:osuc_names:295515
6.971249999999987,http://biimages.biodiversity.ku.edu/static/Entomology/originals/sp68396527107626838226.att.JPG
6.971249999999985,urn:lsid:biosci.ohio-state.edu:osuc_names:235082
6.967371874999987,http://biimages.biodiversity.ku.edu/static/Entomology/originals/sp64146618654933380861.att.JPG
6.952921874999988,urn:lsid:biosci.ohio-state.edu:osuc_names:501
6.93937499999999,urn:lsid:biosci.ohio-state.edu:osuc_names:278428
6.925562499999989,urn:lsid:biosci.ohio-state.edu:osuc_names:295196
6.921666666666656,http://biimages.biodiversity.ku.edu/static/Entomology/originals/sp6378285306039331945.att.JPG
6.902870535714274,urn:lsid:biosci.ohio-state.edu:osuc_names:187492
6.859289062499988,urn:lsid:biosci.ohio-state.edu:osuc_names:186045
6.852781249999984,urn:lsid:biosci.ohio-state.edu:osuc_names:297962
6.847999999999988,MALUZ
6.827679687499993,http://biimages.biodiversity.ku.edu/static/Entomology/originals/sp68162405486132703185.att.JPG
6.8254218749999875,urn:lsid:biosci.ohio-state.edu:osuc_names:15189
6.811874999999989,urn:lsid:biosci.ohio-state.edu:osuc_names:295241
6.798214285714278,urn:lsid:biosci.ohio-state.edu:osuc_names:254728
6.795937499999987,urn:lsid:biosci.ohio-state.edu:osuc_names:140
6.793546874999991,http://biimages.biodiversity.ku.edu/static/Entomology/originals/sp61326905697185486498.att.JPG
6.782921874999987,urn:lsid:biosci.ohio-state.edu:osuc_names:312500
6.779999999999983,http://biimages.biodiversity.ku.edu/static/Entomology/originals/sp62587559288464089452.att.JPG
6.775237723214273,urn:lsid:biosci.ohio-state.edu:osuc_names:310657
6.764168749999985,http://biimages.biodiversity.ku.edu/static/Entomology/originals/sp63847150765718433987.att.JPG
6.75715624999999,urn:lsid:biosci.ohio-state.edu:osuc_names:20946
6.75715624999999,urn:lsid:biosci.ohio-state.edu:osuc_names:33
6.723023437499989,http://biimages.biodiversity.ku.edu/static/Entomology/originals/sp68188309866796360987.att.JPG
6.72080357142856,urn:lsid:biosci.ohio-state.edu:osuc_names:524
6.709874999999989,urn:lsid:biosci.ohio-state.edu:osuc_names:128351
6.697921874999991,urn:lsid:biosci.ohio-state.edu:osuc_names:599
6.670714285714272,urn:lsid:biosci.ohio-state.edu:osuc_names:15367
6.670714285714271,urn:lsid:biosci.ohio-state.edu:osuc_names:5251
6.660840624999989,urn:lsid:biosci.ohio-state.edu:osuc_names:281643
6.657918749999989,urn:lsid:biosci.ohio-state.edu:osuc_names:315615
6.652499999999988,urn:lsid:biosci.ohio-state.edu:osuc_names:297741
6.639345238095228,http://biimages.biodiversity.ku.edu/static/Entomology/originals/sp6-1426596153120581966.att.JPG; http://biimages.biodiversity.ku.edu/static/Entomology/originals/sp63464743521300503708.att.JPG
6.638687499999986,http://biimages.biodiversity.ku.edu/static/Entomology/originals/sp68452400794193011974.att.JPG
6.634171874999989,urn:lsid:biosci.ohio-state.edu:osuc_names:308167
6.583968749999992,http://biimages.biodiversity.ku.edu/static/Entomology/originals/sp62766252332224848511.att.JPG
6.565906249999991,urn:lsid:biosci.ohio-state.edu:osuc_names:317740
6.563534598214276,http://biimages.biodiversity.ku.edu/static/Entomology/originals/sp62111526927228257740.att.JPG
6.56229374999999,urn:lsid:biosci.ohio-state.edu:osuc_names:178852
6.5551674107142714,http://biimages.biodiversity.ku.edu/static/Entomology/originals/sp6-323370306114053249.att.JPG
6.551668749999991,http://biimages.biodiversity.ku.edu/static/Entomology/originals/sp6-1202982651209606304.att.JPG
6.54771093749999,urn:lsid:biosci.ohio-state.edu:osuc_names:296210
6.546249999999987,http://biimages.biodiversity.ku.edu/static/Entomology/originals/sp6593937899302438698.att.JPG
6.5462499999999855,http://biimages.biodiversity.ku.edu/static/Entomology/originals/sp62704560307025270596.att.JPG
6.543214285714274,urn:lsid:biosci.ohio-state.edu:osuc_names:316864
6.541415624999986,http://biimages.biodiversity.ku.edu/static/Entomology/originals/sp6-4621633378740298316.att.JPG
6.538015624999985,urn:lsid:biosci.ohio-state.edu:osuc_names:179690
6.530418749999986,urn:lsid:biosci.ohio-state.edu:osuc_names:296694
6.502156249999985,urn:lsid:biosci.ohio-state.edu:osuc_names:529
6.49312499999999,urn:lsid:biosci.ohio-state.edu:osuc_names:295215
6.493124999999986,urn:lsid:biosci.ohio-state.edu:osuc_names:234703
6.466668749999989,urn:lsid:biosci.ohio-state.edu:osuc_names:296568
6.4560171874999925,urn:lsid:biosci.ohio-state.edu:osuc_names:310516
6.44973325892856,CSIRO
6.442921874999992,http://biimages.biodiversity.ku.edu/static/Entomology/originals/sp69092989134044063317.att.JPG
6.432916666666657,http://biimages.biodiversity.ku.edu/static/Entomology/originals/sp65901252596342662547.att.JPG
6.431651785714274,urn:lsid:biosci.ohio-state.edu:osuc_names:253352
6.429374999999989,http://biimages.biodiversity.ku.edu/static/Entomology/originals/sp66581004302747567691.att.jpg
6.418749999999995,CDRS
6.406531249999988,urn:lsid:biosci.ohio-state.edu:osuc_names:131435
6.397499999999992,urn:lsid:biosci.ohio-state.edu:osuc_names:82
6.397499999999989,urn:lsid:biosci.ohio-state.edu:osuc_names:179659
6.392870535714275,urn:lsid:biosci.ohio-state.edu:osuc_names:178842
6.386874999999988,"Volker Puthz Coll./Staatlichen Museum, Stuttgart"
6.379171874999988,urn:lsid:biosci.ohio-state.edu:osuc_names:278470
6.371468749999989,urn:lsid:biosci.ohio-state.edu:osuc_names:3195
6.352874999999996,http://biimages.biodiversity.ku.edu/static/Entomology/originals/sp64178046284627903378.att.JPG
6.342781249999988,urn:lsid:biosci.ohio-state.edu:osuc_names:151
6.3348125000000035,12
6.333750000000009,ANSP
6.320089285714275,urn:lsid:biosci.ohio-state.edu:osuc_names:235609
6.307293749999989,urn:lsid:biosci.ohio-state.edu:osuc_names:271302
6.30187500000001,OSEC
6.284166666666654,http://biimages.biodiversity.ku.edu/static/Entomology/originals/sp65866064680320011245.att.JPG
6.275418749999989,http://biimages.biodiversity.ku.edu/static/Entomology/originals/sp61327798468573434712.att.JPG
6.256339285714274,http://biimages.biodiversity.ku.edu/static/Entomology/originals/sp63410696059764276481.att.JPG
6.238124999999992,urn:lsid:biosci.ohio-state.edu:osuc_names:295669
6.201620535714273,urn:lsid:biosci.ohio-state.edu:osuc_names:222136
6.195624999999989,RAJC
6.179793749999984,urn:lsid:biosci.ohio-state.edu:osuc_names:297696
6.1743749999999915,urn:lsid:biosci.ohio-state.edu:osuc_names:17773
6.169745535714274,urn:lsid:biosci.ohio-state.edu:osuc_names:263090
6.166671874999988,urn:lsid:biosci.ohio-state.edu:osuc_names:212
6.162768452380947,http://biimages.biodiversity.ku.edu/static/Entomology/originals/sp68493419322848457262.att.JPG
6.160714285714274,urn:lsid:biosci.ohio-state.edu:osuc_names:318672
6.153124999999989,http://biimages.biodiversity.ku.edu/static/Entomology/originals/sp66150024722958936704.att.JPG
6.147918749999992,http://biimages.biodiversity.ku.edu/static/Entomology/originals/sp65718434131583579551.att.JPG
6.14249999999999,http://biimages.biodiversity.ku.edu/static/Entomology/originals/sp65773731519680140346.att.JPG
6.115804687499993,http://biimages.biodiversity.ku.edu/static/Entomology/originals/sp67886829539444282309.att.JPG
6.110624999999989,http://biimages.biodiversity.ku.edu/static/Entomology/originals/sp6-8902412440764124260.att.JPG
6.085523437499994,http://biimages.biodiversity.ku.edu/static/Entomology/originals/sp64980024312210567733.att.JPG
6.0855234374999885,urn:lsid:biosci.ohio-state.edu:osuc_names:97803
6.0677012648809425,urn:lsid:biosci.ohio-state.edu:osuc_names:295873
6.046874999999992,urn:lsid:biosci.ohio-state.edu:osuc_names:296314
6.04687499999999,urn:lsid:biosci.ohio-state.edu:osuc_names:253859
6.046874999999989,http://biimages.biodiversity.ku.edu/static/Entomology/originals/sp6102663375530005784.att.JPG
6.03771093749999,urn:lsid:biosci.ohio-state.edu:osuc_names:178849
6.033214285714275,http://biimages.biodiversity.ku.edu/static/Entomology/originals/sp67429025757132795993.att.JPG
6.014999999999991,urn:lsid:biosci.ohio-state.edu:osuc_names:162669
6.01499999999999,urn:lsid:biosci.ohio-state.edu:osuc_names:66
6.01499999999999,urn:lsid:biosci.ohio-state.edu:osuc_names:296776
6.014999999999989,http://biimages.biodiversity.ku.edu/static/Entomology/originals/sp69216784837128988112.att.JPG
6.0043749999999925,http://biimages.biodiversity.ku.edu/static/Entomology/originals/sp6-822737902689686252.att.JPG
5.988437499999988,urn:lsid:biosci.ohio-state.edu:osuc_names:294937
5.968338541666657,urn:lsid:biosci.ohio-state.edu:osuc_names:525
5.964796874999994,http://biimages.biodiversity.ku.edu/static/Entomology/originals/sp66172378920538280432.att.JPG
5.963203124999993,urn:lsid:biosci.ohio-state.edu:osuc_names:282407
5.95124999999999,urn:lsid:biosci.ohio-state.edu:osuc_names:222182
5.951249999999988,urn:lsid:biosci.ohio-state.edu:osuc_names:271833
5.946043749999991,http://biimages.biodiversity.ku.edu/static/Entomology/originals/sp6-3690466259094563834.att.JPG
5.944362723214273,http://biimages.biodiversity.ku.edu/static/Entomology/originals/sp68495729000465555915.att.JPG; http://biimages.biodiversity.ku.edu/static/Entomology/originals/sp65083955433409152541.att.JPG
5.940624999999991,http://biimages.biodiversity.ku.edu/static/Entomology/originals/sp65246740540171888802.att.JPG
5.928406249999991,urn:lsid:biosci.ohio-state.edu:osuc_names:97696
5.928406249999991,http://biimages.biodiversity.ku.edu/static/Entomology/originals/sp64659937727233245800.att.JPG
5.921651785714274,urn:lsid:biosci.ohio-state.edu:osuc_names:7833
5.91937499999999,urn:lsid:biosci.ohio-state.edu:osuc_names:255012
5.9087499999999915,CMNC
5.896531249999989,?
5.894273437499993,urn:lsid:biosci.ohio-state.edu:osuc_names:313809
5.887499999999991,http://biimages.biodiversity.ku.edu/static/Entomology/originals/sp67283423152797363191.att.JPG
5.855624999999991,urn:lsid:biosci.ohio-state.edu:osuc_names:310631
5.855624999999989,urn:lsid:biosci.ohio-state.edu:osuc_names:185181
5.84625729166666,urn:lsid:biosci.ohio-state.edu:osuc_names:297713
5.844999999999991,http://biimages.biodiversity.ku.edu/static/Entomology/originals/sp62545786770505539571.att.JPG
5.8396874999999895,urn:lsid:biosci.ohio-state.edu:osuc_names:162662
5.8351718749999915,http://biimages.biodiversity.ku.edu/static/Entomology/originals/sp6-7496516590959175097.att.jpg
5.829726562499993,urn:lsid:biosci.ohio-state.edu:osuc_names:252357
5.823749999999992,urn:lsid:biosci.ohio-state.edu:osuc_names:128375
5.82056249999999,DS-414
5.797293749999989,http://biimages.biodiversity.ku.edu/static/Entomology/originals/sp63595880909406276698.att.JPG
5.791874999999996,urn:lsid:biosci.ohio-state.edu:osuc_names:235471
5.791874999999992,http://biimages.biodiversity.ku.edu/static/Entomology/originals/sp63285780720110832701.att.JPG
5.79187499999999,urn:lsid:biosci.ohio-state.edu:osuc_names:157
5.7918749999999894,urn:lsid:biosci.ohio-state.edu:osuc_names:223
5.782767857142848,http://biimages.biodiversity.ku.edu/static/Entomology/originals/sp63804097230840725324.att.JPG
5.780320312499995,urn:lsid:biosci.ohio-state.edu:osuc_names:128390
5.773546874999995,http://biimages.biodiversity.ku.edu/static/Entomology/originals/sp63454187260464101438.att.JPG
5.771839285714274,http://biimages.biodiversity.ku.edu/static/Entomology/originals/sp66147465045881584393.att.JPG
5.760000000000008,USU
5.759999999999989,urn:lsid:biosci.ohio-state.edu:osuc_names:140005
5.754793749999994,http://biimages.biodiversity.ku.edu/static/Entomology/originals/sp64582353147010029580.att.JPG
5.749374999999994,http://biimages.biodiversity.ku.edu/static/Entomology/originals/sp63951116269115131719.att.JPG
5.741671874999989,http://biimages.biodiversity.ku.edu/static/Entomology/originals/sp65306069502198706881.att.JPG
5.7281249999999915,urn:lsid:biosci.ohio-state.edu:osuc_names:185243
5.724273437499991,http://biimages.biodiversity.ku.edu/static/Entomology/originals/sp6-6871465824682207229.att.JPG
5.719776785714277,urn:lsid:biosci.ohio-state.edu:osuc_names:318674
5.719017857142848,urn:lsid:biosci.ohio-state.edu:osuc_names:317501
5.7038392857142775,urn:lsid:biosci.ohio-state.edu:osuc_names:134103
5.696249999999993,http://biimages.biodiversity.ku.edu/static/Entomology/originals/sp68358527867140373811.att.JPG
5.688008035714278,http://biimages.biodiversity.ku.edu/static/Entomology/originals/sp66002776452119955475.att.JPG
5.664374999999991,urn:lsid:biosci.ohio-state.edu:osuc_names:97972
5.641531249999993,http://biimages.biodiversity.ku.edu/static/Entomology/originals/sp63231410332562828569.att.JPG
5.637918749999988,http://biimages.biodiversity.ku.edu/static/Entomology/originals/sp68889915237604101503.att.JPG
5.632499999999991,http://biimages.biodiversity.ku.edu/static/Entomology/originals/sp63761434247636600997.att.JPG
5.624258035714279,http://biimages.biodiversity.ku.edu/static/Entomology/originals/sp69039189250986297862.att.JPG
5.62187499999999,urn:lsid:biosci.ohio-state.edu:osuc_names:284281
5.609656249999995,urn:lsid:biosci.ohio-state.edu:osuc_names:194111
5.583199999999993,urn:lsid:biosci.ohio-state.edu:osuc_names:3280
5.568749999999995,urn:lsid:biosci.ohio-state.edu:osuc_names:15360
5.561729910714279,urn:lsid:biosci.ohio-state.edu:osuc_names:185500
5.543933035714278,urn:lsid:biosci.ohio-state.edu:osuc_names:187491
5.542293749999991,urn:lsid:biosci.ohio-state.edu:osuc_names:133923
5.53766428571428,urn:lsid:biosci.ohio-state.edu:osuc_names:19294
5.536874999999993,http://biimages.biodiversity.ku.edu/static/Entomology/originals/sp66757807637898240579.att.JPG
5.536874999999991,urn:lsid:biosci.ohio-state.edu:osuc_names:306681
5.536874999999991,urn:lsid:biosci.ohio-state.edu:osuc_names:179688
5.53687499999999,http://biimages.biodiversity.ku.edu/static/Entomology/originals/sp66771384671765842074.att.JPG
5.526249999999992,urn:lsid:biosci.ohio-state.edu:osuc_names:187723
5.514031249999993,http://biimages.biodiversity.ku.edu/static/Entomology/originals/sp67079039908630616925.att.JPG
5.500370535714281,urn:lsid:biosci.ohio-state.edu:osuc_names:296214
5.491339285714279,urn:lsid:biosci.ohio-state.edu:osuc_names:316030
5.4820424107142784,urn:lsid:biosci.ohio-state.edu:osuc_names:3232
5.473124999999997,urn:lsid:biosci.ohio-state.edu:osuc_names:244776
5.473124999999994,http://biimages.biodiversity.ku.edu/static/Entomology/originals/sp65369819365239895289.att.JPG
5.473124999999994,INBio0016
5.473124999999993,urn:lsid:biosci.ohio-state.edu:osuc_names:295748
5.4731249999999925,urn:lsid:biosci.ohio-state.edu:osuc_names:174560
5.454796874999992,urn:lsid:biosci.ohio-state.edu:osuc_names:297686
5.448687499999995,urn:lsid:biosci.ohio-state.edu:osuc_names:313055
5.441249999999996,urn:lsid:biosci.ohio-state.edu:osuc_names:305851
5.4359374999999925,http://biimages.biodiversity.ku.edu/static/Entomology/originals/sp67408977440622730167.att.JPG
5.425179687499993,urn:lsid:biosci.ohio-state.edu:osuc_names:187224
5.418406249999998,urn:lsid:biosci.ohio-state.edu:osuc_names:592
5.413928571428563,urn:lsid:biosci.ohio-state.edu:osuc_names:297763
5.409374999999995,urn:lsid:biosci.ohio-state.edu:osuc_names:296744
5.409374999999993,AFRC
5.409374999999992,urn:lsid:biosci.ohio-state.edu:osuc_names:114
5.398749999999994,http://biimages.biodiversity.ku.edu/static/Entomology/originals/sp63530551895675020561.att.JPG
5.384273437499991,http://biimages.biodiversity.ku.edu/static/Entomology/originals/sp65326078132240394002.att.JPG
5.382918749999993,urn:lsid:biosci.ohio-state.edu:osuc_names:217979
5.374153124999991,http://biimages.biodiversity.ku.edu/static/Entomology/originals/sp61436225225489798976.att.JPG
5.3638392857142785,http://biimages.biodiversity.ku.edu/static/Entomology/originals/sp61134186852218094865.att.JPG
5.359791666666662,urn:lsid:biosci.ohio-state.edu:osuc_names:296414
5.354542410714278,urn:lsid:biosci.ohio-state.edu:osuc_names:185141
5.345624999999995,http://biimages.biodiversity.ku.edu/static/Entomology/originals/sp66926092812575240033.att.JPG
5.3363281249999925,urn:lsid:biosci.ohio-state.edu:osuc_names:13435
5.318929687499997,http://biimages.biodiversity.ku.edu/static/Entomology/originals/sp6-7055857951369576582.att.JPG
5.3145392857142815,http://biimages.biodiversity.ku.edu/static/Entomology/originals/sp6-2271947201279289253.att.JPG; http://biimages.biodiversity.ku.edu/static/Entomology/originals/sp6765600693811983556.att.JPG
5.313749999999993,urn:lsid:biosci.ohio-state.edu:osuc_names:295355
5.311465624999992,http://biimages.biodiversity.ku.edu/static/Entomology/originals/sp62094243514320875781.att.JPG
5.306949999999993,urn:lsid:biosci.ohio-state.edu:osuc_names:309757
5.302593749999994,urn:lsid:biosci.ohio-state.edu:osuc_names:336413
5.299937499999992,http://biimages.biodiversity.ku.edu/static/Entomology/originals/sp62778831912104656701.att.JPG
5.295156249999994,urn:lsid:biosci.ohio-state.edu:osuc_names:295687
5.29444791666666,http://biimages.biodiversity.ku.edu/static/Entomology/originals/sp61222174929021896358.att.JPG
5.289570535714279,urn:lsid:biosci.ohio-state.edu:osuc_names:341
5.289154389880943,http://biimages.biodiversity.ku.edu/static/Entomology/originals/sp66650316694347650703.att.JPG
5.287870535714282,http://biimages.biodiversity.ku.edu/static/Entomology/originals/sp67320618645185663489.att.JPG
5.284151785714283,http://biimages.biodiversity.ku.edu/static/Entomology/originals/sp6-5215888807837453565.att.JPG
5.278129687499996,http://biimages.biodiversity.ku.edu/static/Entomology/originals/sp66719719043170166175.att.JPG
5.268214285714281,http://biimages.biodiversity.ku.edu/static/Entomology/originals/sp65064038650160026393.att.JPG
5.268214285714279,"AMNH, New York, NY, USA"
5.266158854166662,http://biimages.biodiversity.ku.edu/static/Entomology/originals/sp69037769099218308037.att.JPG
5.254382812499995,http://biimages.biodiversity.ku.edu/static/Entomology/originals/sp66253926040998133675.att.JPG
5.250499374999997,http://biimages.biodiversity.ku.edu/static/Entomology/originals/sp67660092669031695006.att.JPG
5.2499999999999964,urn:lsid:biosci.ohio-state.edu:osuc_names:281524
5.248406249999995,http://biimages.biodiversity.ku.edu/static/Entomology/originals/sp66520222673731814561.att.JPG
5.2410572916666585,urn:lsid:biosci.ohio-state.edu:osuc_names:116
5.218124999999996,http://biimages.biodiversity.ku.edu/static/Entomology/originals/sp61343832299547837133.att.JPG
5.217593749999995,urn:lsid:biosci.ohio-state.edu:osuc_names:296561
5.213495535714283,urn:lsid:biosci.ohio-state.edu:osuc_names:18523
5.204464285714278,urn:lsid:biosci.ohio-state.edu:osuc_names:3264
5.186249999999991,urn:lsid:biosci.ohio-state.edu:osuc_names:179126
5.185984374999996,urn:lsid:biosci.ohio-state.edu:osuc_names:537
5.154374999999994,http://biimages.biodiversity.ku.edu/static/Entomology/originals/sp68083926719221678424.att.JPG
5.151851562499994,urn:lsid:biosci.ohio-state.edu:osuc_names:295673
5.1510736607142835,http://biimages.biodiversity.ku.edu/static/Entomology/originals/sp63582523712720000429.att.JPG
5.1439625000000015,10
5.1366666666666605,urn:lsid:biosci.ohio-state.edu:osuc_names:298601
5.13008928571428,http://biimages.biodiversity.ku.edu/static/Entomology/originals/sp65447209100924476684.att.JPG
5.122500000000007,URI
5.122499999999996,urn:lsid:biosci.ohio-state.edu:osuc_names:146181
5.1095906249999965,urn:lsid:biosci.ohio-state.edu:osuc_names:264687
5.10883928571428,http://biimages.biodiversity.ku.edu/static/Entomology/originals/sp62989210958159440503.att.JPG
5.104543749999996,urn:lsid:biosci.ohio-state.edu:osuc_names:15286
5.094609374999996,urn:lsid:biosci.ohio-state.edu:osuc_names:320
5.093546874999997,http://biimages.biodiversity.ku.edu/static/Entomology/originals/sp65596850394369207349.att.JPG
5.075370535714279,MHNG
5.067781249999993,urn:lsid:biosci.ohio-state.edu:osuc_names:256842
5.0412111607142815,urn:lsid:biosci.ohio-state.edu:osuc_names:254717
5.037499999999996,http://biimages.biodiversity.ku.edu/static/Entomology/originals/sp67715778314195131155.att.JPG
5.037499999999993,http://biimages.biodiversity.ku.edu/static/Entomology/originals/sp61292096988840314088.att.JPG
5.026874999999996,http://biimages.biodiversity.ku.edu/static/Entomology/originals/sp67821756515552747862.att.JPG
5.026874999999993,urn:lsid:biosci.ohio-state.edu:osuc_names:266039
5.01973322916666,urn:lsid:biosci.ohio-state.edu:osuc_names:312517
5.008546874999997,urn:lsid:biosci.ohio-state.edu:osuc_names:305369
5.004031249999994,http://biimages.biodiversity.ku.edu/static/Entomology/originals/sp63180944357750616174.att.JPG
4.988624999999997,urn:lsid:biosci.ohio-state.edu:osuc_names:128385
4.9878281249999965,urn:lsid:biosci.ohio-state.edu:osuc_names:214574
4.984261160714283,http://biimages.biodiversity.ku.edu/static/Entomology/originals/sp63087459701708839765.att.JPG
4.9772916666666625,urn:lsid:biosci.ohio-state.edu:osuc_names:316859
4.973097321428569,urn:lsid:biosci.ohio-state.edu:osuc_names:242
4.972156249999995,urn:lsid:biosci.ohio-state.edu:osuc_names:109122
4.968543749999997,urn:lsid:biosci.ohio-state.edu:osuc_names:222133
4.9631249999999945,urn:lsid:biosci.ohio-state.edu:osuc_names:297760
4.938023437499996,urn:lsid:biosci.ohio-state.edu:osuc_names:269575
4.936668749999997,http://biimages.biodiversity.ku.edu/static/Entomology/originals/sp61616780396376364753.att.JPG
4.921953124999995,http://biimages.biodiversity.ku.edu/static/Entomology/originals/sp65589149716466148646.att.JPG
4.917589285714284,urn:lsid:biosci.ohio-state.edu:osuc_names:296297
4.906148437499995,http://biimages.biodiversity.ku.edu/static/Entomology/originals/sp69147492871639501428.att.JPG
4.904793749999999,urn:lsid:biosci.ohio-state.edu:osuc_names:296574
4.904793749999997,http://biimages.biodiversity.ku.edu/static/Entomology/originals/sp63489488890217910217.att.JPG
4.895523437499997,urn:lsid:biosci.ohio-state.edu:osuc_names:263909
4.894682291666666,http://biimages.biodiversity.ku.edu/static/Entomology/originals/sp65685744379181461452.att.JPG
4.894593749999996,urn:lsid:biosci.ohio-state.edu:osuc_names:187640
4.881046874999997,http://biimages.biodiversity.ku.edu/static/Entomology/originals/sp660027713344613495.att.JPG
4.8805185763889005,436235
4.8805185763889005,BANGS-1917
4.875089285714285,http://biimages.biodiversity.ku.edu/static/Entomology/originals/sp6682299269241431890.att.JPG
4.871749999999997,urn:lsid:biosci.ohio-state.edu:osuc_names:23014
4.867499999999997,KSMA
4.862870535714279,urn:lsid:biosci.ohio-state.edu:osuc_names:310477
4.853839285714281,urn:lsid:biosci.ohio-state.edu:osuc_names:119
4.8410437499999945,urn:lsid:biosci.ohio-state.edu:osuc_names:254761
4.8356249999999985,urn:lsid:biosci.ohio-state.edu:osuc_names:316132
4.835624999999998,http://biimages.biodiversity.ku.edu/static/Entomology/originals/sp65563930810996866220.att.JPG
4.835624999999997,urn:lsid:biosci.ohio-state.edu:osuc_names:97257
4.8249999999999975,http://biimages.biodiversity.ku.edu/static/Entomology/originals/sp65801055759683368932.att.JPG
4.809168749999996,http://biimages.biodiversity.ku.edu/static/Entomology/originals/sp68274572396850835654.att.JPG
4.80375,http://biimages.biodiversity.ku.edu/static/Entomology/originals/sp66033087267197671310.att.JPG
4.803749999999999,urn:lsid:biosci.ohio-state.edu:osuc_names:310479
4.7900892857142825,http://biimages.biodiversity.ku.edu/static/Entomology/originals/sp65605248908886704810.att.JPG
4.774151785714282,http://biimages.biodiversity.ku.edu/static/Entomology/originals/sp6-4510313710380733501.att.JPG
4.771874999999998,urn:lsid:biosci.ohio-state.edu:osuc_names:310108
4.771874999999997,http://biimages.biodiversity.ku.edu/static/Entomology/originals/sp64187560895164977795.att.JPG
4.771874999999996,http://biimages.biodiversity.ku.edu/static/Entomology/originals/sp68184484684627649382.att.JPG
4.771874999999996,urn:lsid:biosci.ohio-state.edu:osuc_names:185541
4.771874999999994,urn:lsid:biosci.ohio-state.edu:osuc_names:341662
4.763633035714281,http://biimages.biodiversity.ku.edu/static/Entomology/originals/sp63113101004216404941.att.JPG
4.7535468750000005,urn:lsid:biosci.ohio-state.edu:osuc_names:296792
4.749031249999997,http://biimages.biodiversity.ku.edu/static/Entomology/originals/sp6515139114032712638.att.JPG
4.748768576388901,UAIC1005686
4.7399999999999975,urn:lsid:biosci.ohio-state.edu:osuc_names:179118
4.739999999999996,urn:lsid:biosci.ohio-state.edu:osuc_names:265682
4.739999999999996,http://biimages.biodiversity.ku.edu/static/Entomology/originals/sp69001912386484263572.att.JPG
4.730703124999997,urn:lsid:biosci.ohio-state.edu:osuc_names:604
4.722291666666665,http://biimages.biodiversity.ku.edu/static/Entomology/originals/sp6-8487798880825759017.att.JPG
4.718749999999993,NMPC
4.708125,http://biimages.biodiversity.ku.edu/static/Entomology/originals/sp6-1556087225653829974.att.JPG
4.708125,http://biimages.biodiversity.ku.edu/static/Entomology/originals/sp6-8757583897516431615.att.JPG
4.704273437499994,http://biimages.biodiversity.ku.edu/static/Entomology/originals/sp68964751694212010970.att.JPG
4.702053571428566,http://biimages.biodiversity.ku.edu/static/Entomology/originals/sp62697242769259364937.att.JPG
4.701749999999997,http://biimages.biodiversity.ku.edu/static/Entomology/originals/sp6726592661026151110.att.JPG
4.698828124999999,urn:lsid:biosci.ohio-state.edu:osuc_names:185839
4.6852812499999965,urn:lsid:biosci.ohio-state.edu:osuc_names:5588
4.6800749999999995,http://biimages.biodiversity.ku.edu/static/Entomology/originals/sp64100589522778205127.att.JPG
4.674479166666665,http://biimages.biodiversity.ku.edu/static/Entomology/originals/sp66335882913173732710.att.JPG
4.657921875,urn:lsid:biosci.ohio-state.edu:osuc_names:266042
4.657921874999998,urn:lsid:biosci.ohio-state.edu:osuc_names:187581
4.653778124999999,http://biimages.biodiversity.ku.edu/static/Entomology/originals/sp66535500030841984229.att.JPG
4.653406249999999,urn:lsid:biosci.ohio-state.edu:osuc_names:270596
4.651148437499997,http://biimages.biodiversity.ku.edu/static/Entomology/originals/sp6431279842920493100.att.JPG
4.648199999999997,http://biimages.biodiversity.ku.edu/static/Entomology/originals/sp64842748900771370799.att.JPG
4.644375,http://biimages.biodiversity.ku.edu/static/Entomology/originals/sp6-3182415319972408097.att.JPG
4.6337499999999965,http://biimages.biodiversity.ku.edu/static/Entomology/originals/sp62089112641376635784.att.JPG
4.629245758928569,http://biimages.biodiversity.ku.edu/static/Entomology/originals/sp68672667566315919722.att.JPG
4.62695,http://biimages.biodiversity.ku.edu/static/Entomology/originals/sp62978294515929447722.att.JPG
4.626862723214286,http://biimages.biodiversity.ku.edu/static/Entomology/originals/sp6-2483042896302186611.att.JPG
4.626046875000002,urn:lsid:biosci.ohio-state.edu:osuc_names:252240
4.621531249999998,"MRAC, Tervuren, Belgium"
4.617053571428568,http://biimages.biodiversity.ku.edu/static/Entomology/originals/sp68962683273337593700.att.JPG
4.615421874999998,http://biimages.biodiversity.ku.edu/static/Entomology/originals/sp61480803247801812217.att.JPG
4.594791666666663,http://biimages.biodiversity.ku.edu/static/Entomology/originals/sp6-481421189933748306.att.JPG
4.591462499999999,urn:lsid:biosci.ohio-state.edu:osuc_names:310520
4.589656249999997,http://biimages.biodiversity.ku.edu/static/Entomology/originals/sp6297055952812657478.att.JPG
4.583546874999998,http://biimages.biodiversity.ku.edu/static/Entomology/originals/sp6826105117289808142.att.JPG
4.583546874999998,850044
4.580624999999999,http://biimages.biodiversity.ku.edu/static/Entomology/originals/sp63415333978815543014.att.JPG
4.580624999999998,urn:lsid:biosci.ohio-state.edu:osuc_names:307053
4.580624999999997,http://biimages.biodiversity.ku.edu/static/Entomology/originals/sp6-7888820688736758360.att.JPG
4.575578124999998,urn:lsid:biosci.ohio-state.edu:osuc_names:128228
4.557781249999998,urn:lsid:biosci.ohio-state.edu:osuc_names:336212
4.554168749999999,http://biimages.biodiversity.ku.edu/static/Entomology/originals/sp64045090048665869802.att.JPG
4.548749999999998,http://biimages.biodiversity.ku.edu/static/Entomology/originals/sp691342897284782945.att.JPG
4.538124999999997,urn:lsid:biosci.ohio-state.edu:osuc_names:235356
4.528695312500002,urn:lsid:biosci.ohio-state.edu:osuc_names:321421
4.5259062499999985,http://biimages.biodiversity.ku.edu/static/Entomology/originals/sp65301512526180669719.att.JPG
4.521257812499997,urn:lsid:biosci.ohio-state.edu:osuc_names:263160
4.516875000000001,urn:lsid:biosci.ohio-state.edu:osuc_names:297702
4.516874999999998,urn:lsid:biosci.ohio-state.edu:osuc_names:184954
4.516874999999997,http://biimages.biodiversity.ku.edu/static/Entomology/originals/sp6922859985005510191.att.JPG
4.516874999999996,urn:lsid:biosci.ohio-state.edu:osuc_names:15239
4.516874999999996,urn:lsid:biosci.ohio-state.edu:osuc_names:75868
4.512093749999999,urn:lsid:biosci.ohio-state.edu:osuc_names:250808
4.5105,http://biimages.biodiversity.ku.edu/static/Entomology/originals/sp67314306651407060797.att.JPG
4.5086330357142845,urn:lsid:biosci.ohio-state.edu:osuc_names:295388
4.503214285714282,http://biimages.biodiversity.ku.edu/static/Entomology/originals/sp6-3384713682977613293.att.JPG; http://biimages.biodiversity.ku.edu/static/Entomology/originals/sp659803613094287707.att.JPG
4.498546875,http://biimages.biodiversity.ku.edu/static/Entomology/originals/sp69035852920581638820.att.JPG
4.494031249999998,http://biimages.biodiversity.ku.edu/static/Entomology/originals/sp61179843738965537166.att.JPG
4.493917410714285,http://biimages.biodiversity.ku.edu/static/Entomology/originals/sp6-2657230740474148101.att.JPG
4.484999999999999,urn:lsid:biosci.ohio-state.edu:osuc_names:146182
4.4849999999999985,urn:lsid:biosci.ohio-state.edu:osuc_names:307836
4.484999999999997,http://biimages.biodiversity.ku.edu/static/Entomology/originals/sp68256370029763232066.att.JPG
4.474374999999999,urn:lsid:biosci.ohio-state.edu:osuc_names:252244
4.4713392857142855,http://biimages.biodiversity.ku.edu/static/Entomology/originals/sp64731318094316265362.att.JPG
4.453124999999999,http://biimages.biodiversity.ku.edu/static/Entomology/originals/sp65042620425693261603.att.JPG
4.449273437499999,http://biimages.biodiversity.ku.edu/static/Entomology/originals/sp68593954213777535957.att.JPG
4.448495535714285,urn:lsid:biosci.ohio-state.edu:osuc_names:217917
4.445820312499999,urn:lsid:biosci.ohio-state.edu:osuc_names:297231
4.442190104166666,http://biimages.biodiversity.ku.edu/static/Entomology/originals/sp62046754373458315831.att.JPG
4.435416666666667,urn:lsid:biosci.ohio-state.edu:osuc_names:187366
4.434796874999998,urn:lsid:biosci.ohio-state.edu:osuc_names:316698
4.431874999999999,11
4.424171874999999,http://biimages.biodiversity.ku.edu/static/Entomology/originals/sp67938577250377177932.att.JPG
4.423906249999998,urn:lsid:biosci.ohio-state.edu:osuc_names:296209
4.421249999999998,http://biimages.biodiversity.ku.edu/static/Entomology/originals/sp67099910406516693588.att.JPG
4.412572916666665,urn:lsid:biosci.ohio-state.edu:osuc_names:322677
4.410511160714284,http://biimages.biodiversity.ku.edu/static/Entomology/originals/sp67372020077699615356.att.JPG
4.402921875,http://biimages.biodiversity.ku.edu/static/Entomology/originals/sp62105383867680503943.att.JPG
4.389374999999999,urn:lsid:biosci.ohio-state.edu:osuc_names:588
4.383303571428572,http://biimages.biodiversity.ku.edu/static/Entomology/originals/sp621393205200439035.att.JPG
4.379584821428573,http://biimages.biodiversity.ku.edu/static/Entomology/originals/sp64537493789587672051.att.JPG
4.3787499999999975,http://biimages.biodiversity.ku.edu/static/Entomology/originals/sp6-2586330879348230766.att.JPG
4.3722421875,urn:lsid:biosci.ohio-state.edu:osuc_names:254754
4.357499999999998,http://biimages.biodiversity.ku.edu/static/Entomology/originals/sp61826863896321216233.att.JPG
4.353356249999999,urn:lsid:biosci.ohio-state.edu:osuc_names:7832
4.331043749999998,urn:lsid:biosci.ohio-state.edu:osuc_names:251381
4.325625000000001,urn:lsid:biosci.ohio-state.edu:osuc_names:269072
4.3256250000000005,urn:lsid:biosci.ohio-state.edu:osuc_names:322318
4.325625,urn:lsid:biosci.ohio-state.edu:osuc_names:305277
4.321215624999999,http://biimages.biodiversity.ku.edu/static/Entomology/originals/sp6121123726220609215.att.JPG
4.320578125000001,urn:lsid:biosci.ohio-state.edu:osuc_names:297497
4.311964285714287,urn:lsid:biosci.ohio-state.edu:osuc_names:207
4.3118125,http://biimages.biodiversity.ku.edu/static/Entomology/originals/sp6-8498714764204541962.att.JPG
4.293750000000002,urn:lsid:biosci.ohio-state.edu:osuc_names:297677
4.29375,urn:lsid:biosci.ohio-state.edu:osuc_names:111116
4.293749999999999,http://biimages.biodiversity.ku.edu/static/Entomology/originals/sp67310417310536690326.att.JPG
4.293749999999999,urn:lsid:biosci.ohio-state.edu:osuc_names:272665
4.293749999999998,urn:lsid:biosci.ohio-state.edu:osuc_names:295794
4.280089285714286,http://biimages.biodiversity.ku.edu/static/Entomology/originals/sp64253222074312744245.att.JPG
4.276325000000001,http://biimages.biodiversity.ku.edu/static/Entomology/originals/sp6-4154080267370237800.att.JPG; http://biimages.biodiversity.ku.edu/static/Entomology/originals/sp65215462885345808951.att.JPG
4.270906249999998,http://biimages.biodiversity.ku.edu/static/Entomology/originals/sp64575578750428223533.att.JPG
4.2686484375,urn:lsid:biosci.ohio-state.edu:osuc_names:272318
4.261875,urn:lsid:biosci.ohio-state.edu:osuc_names:275830
4.25709375,urn:lsid:biosci.ohio-state.edu:osuc_names:296316
4.250940104166666,UCDC
4.249656250000002,http://biimages.biodiversity.ku.edu/static/Entomology/originals/sp6-3788819148255395577.att.JPG
4.236773437500002,http://biimages.biodiversity.ku.edu/static/Entomology/originals/sp6-2834557941432163426.att.JPG
