http://commons.wikimedia.org/w/index.php?oldid=102062281,refers,USNM 118756
http://commons.wikimedia.org/w/index.php?oldid=150461741,refers,USNM 414915
http://commons.wikimedia.org/w/index.php?oldid=98056857,refers,USNM 414915
http://commons.wikimedia.org/w/index.php?oldid=121401965,refers,USNM 122206
http://commons.wikimedia.org/w/index.php?oldid=181581493,refers,AMNH 460
http://commons.wikimedia.org/w/index.php?oldid=115250957,refers,AMNH 5027
http://commons.wikimedia.org/w/index.php?oldid=127422917,refers,USNM 414915
http://commons.wikimedia.org/w/index.php?oldid=81370003,refers,ONE 7
http://commons.wikimedia.org/w/index.php?oldid=98056842,refers,USNM 414915
http://commons.wikimedia.org/w/index.php?oldid=82803167,refers,FMNH 282818
http://commons.wikimedia.org/w/index.php?oldid=103337759,refers,FMNH 99071
http://commons.wikimedia.org/w/index.php?oldid=117456161,refers,FMNH 99071
http://commons.wikimedia.org/w/index.php?oldid=178712936,refers,AMNH 6515
http://commons.wikimedia.org/w/index.php?oldid=82803176,refers,FMNH 282818
http://commons.wikimedia.org/w/index.php?oldid=117456166,refers,FMNH 99071
http://commons.wikimedia.org/w/index.php?oldid=126676813,refers,FMNH 282818
http://commons.wikimedia.org/w/index.php?oldid=175626943,refers,FMNH 34718
http://commons.wikimedia.org/w/index.php?oldid=134238472,refers,AMNH 6279
http://commons.wikimedia.org/w/index.php?oldid=118458674,refers,AMNH 29074
http://commons.wikimedia.org/w/index.php?oldid=179372203,refers,AMNH 4985
http://commons.wikimedia.org/w/index.php?oldid=76220008,refers,AMNH 3024
http://commons.wikimedia.org/w/index.php?oldid=183446720,refers,AMNH 24000
http://commons.wikimedia.org/w/index.php?oldid=185121555,refers,AMNH 3856
http://commons.wikimedia.org/w/index.php?oldid=186987494,refers,AMNH 29076
http://commons.wikimedia.org/w/index.php?oldid=186987493,refers,AMNH 29076
http://commons.wikimedia.org/w/index.php?oldid=150336658,refers,AMNH 3856
http://commons.wikimedia.org/w/index.php?oldid=150635303,refers,AMNH 11311
http://commons.wikimedia.org/w/index.php?oldid=183388191,refers,AMNH 24000
http://commons.wikimedia.org/w/index.php?oldid=186579045,refers,AMNH 29051
http://commons.wikimedia.org/w/index.php?oldid=76219410,refers,AMNH 1676
http://commons.wikimedia.org/w/index.php?oldid=150656099,refers,AMNH 5850
http://commons.wikimedia.org/w/index.php?oldid=76220061,refers,AMNH 3024
http://commons.wikimedia.org/w/index.php?oldid=150656098,refers,AMNH 5850
http://commons.wikimedia.org/w/index.php?oldid=76219834,refers,AMNH 3024
http://commons.wikimedia.org/w/index.php?oldid=178056487,refers,AMNH 1713
http://commons.wikimedia.org/w/index.php?oldid=118458656,refers,AMNH 29074
http://commons.wikimedia.org/w/index.php?oldid=182449813,refers,AMNH 3015.
http://commons.wikimedia.org/w/index.php?oldid=148773814,refers,ISBN 0
http://commons.wikimedia.org/w/index.php?oldid=176053759,refers,BMNH 6.7.1.32
http://commons.wikimedia.org/w/index.php?oldid=170708319,refers,MNH 8304
http://commons.wikimedia.org/w/index.php?oldid=54785903,refers,PAL 60091
http://commons.wikimedia.org/w/index.php?oldid=150265784,refers,USNM 579394
http://commons.wikimedia.org/w/index.php?oldid=91252459,refers,MCZ 161803
http://commons.wikimedia.org/w/index.php?oldid=154099199,refers,PAL 57493
http://commons.wikimedia.org/w/index.php?oldid=154099198,refers,PAL 57492
http://commons.wikimedia.org/w/index.php?oldid=185168276,refers,USNM 12
http://commons.wikimedia.org/w/index.php?oldid=158417315,refers,AMNH 66753
http://commons.wikimedia.org/w/index.php?oldid=150267119,refers,USNM 578928
http://commons.wikimedia.org/w/index.php?oldid=54785796,refers,PAL 60087
http://commons.wikimedia.org/w/index.php?oldid=54785862,refers,PAL 60083
http://commons.wikimedia.org/w/index.php?oldid=54785854,refers,PAL 60082
http://commons.wikimedia.org/w/index.php?oldid=54785777,refers,PAL 57719
http://commons.wikimedia.org/w/index.php?oldid=150204086,refers,ONE 8
http://commons.wikimedia.org/w/index.php?oldid=54785831,refers,PAL 60080
http://commons.wikimedia.org/w/index.php?oldid=54785897,refers,PAL 60090
http://commons.wikimedia.org/w/index.php?oldid=54785871,refers,PAL 60085
http://commons.wikimedia.org/w/index.php?oldid=54785782,refers,PAL 60084
http://commons.wikimedia.org/w/index.php?oldid=54785908,refers,PAL 57720
http://commons.wikimedia.org/w/index.php?oldid=54786533,refers,PAL 57716
http://commons.wikimedia.org/w/index.php?oldid=54785835,refers,PAL 60079
http://commons.wikimedia.org/w/index.php?oldid=54785886,refers,PAL 60088
http://commons.wikimedia.org/w/index.php?oldid=54785841,refers,PAL 60081
http://commons.wikimedia.org/w/index.php?oldid=54785806,refers,PAL 60089
http://commons.wikimedia.org/w/index.php?oldid=119044521,refers,CPS 190211
http://commons.wikimedia.org/w/index.php?oldid=54785879,refers,PAL 60086
http://commons.wikimedia.org/w/index.php?oldid=54785821,refers,PAL 60092
http://commons.wikimedia.org/w/index.php?oldid=54785883,refers,PAL 60086
http://commons.wikimedia.org/w/index.php?oldid=158417290,refers,AMNH 140334
http://commons.wikimedia.org/w/index.php?oldid=154099197,refers,PAL 57718
http://commons.wikimedia.org/w/index.php?oldid=185169143,refers,USNM 12
http://commons.wikimedia.org/w/index.php?oldid=154794485,refers,PAL 57721
http://commons.wikimedia.org/w/index.php?oldid=154794486,refers,PAL 57490
http://commons.wikimedia.org/w/index.php?oldid=155366284,refers,PAL 57491
http://commons.wikimedia.org/w/index.php?oldid=155366287,refers,PAL 57499
http://commons.wikimedia.org/w/index.php?oldid=177788031,refers,TMP 1992.082.0001
http://commons.wikimedia.org/w/index.php?oldid=155366283,refers,PAL 136439
http://commons.wikimedia.org/w/index.php?oldid=154794500,refers,PAL 139213
http://commons.wikimedia.org/w/index.php?oldid=115250854,refers,AMNH 5027.
http://commons.wikimedia.org/w/index.php?oldid=177816815,refers,PHONINAE 15
http://commons.wikimedia.org/w/index.php?oldid=59030338,refers,USNM 71367
http://commons.wikimedia.org/w/index.php?oldid=183144797,refers,USNM 498496
http://commons.wikimedia.org/w/index.php?oldid=179373961,refers,AMNH 460
http://commons.wikimedia.org/w/index.php?oldid=150203959,refers,AMNH 460
http://commons.wikimedia.org/w/index.php?oldid=170621751,refers,YPM 6241
http://commons.wikimedia.org/w/index.php?oldid=170690867,refers,MCZ 76150.
http://commons.wikimedia.org/w/index.php?oldid=178159126,refers,RAM 14000
http://commons.wikimedia.org/w/index.php?oldid=185307718,refers,UCMP 10577.
http://commons.wikimedia.org/w/index.php?oldid=185307452,refers,USNM 696802.
http://commons.wikimedia.org/w/index.php?oldid=151936977,refers,AMNH 5027
http://commons.wikimedia.org/w/index.php?oldid=157981366,refers,AMNH 5027
http://commons.wikimedia.org/w/index.php?oldid=170690869,refers,MCZ 356674.
http://commons.wikimedia.org/w/index.php?oldid=150203956,refers,AMNH 460
http://commons.wikimedia.org/w/index.php?oldid=177784214,refers,AMNH 460
http://commons.wikimedia.org/w/index.php?oldid=150203954,refers,AMNH 460
http://commons.wikimedia.org/w/index.php?oldid=150203957,refers,AMNH 460
http://commons.wikimedia.org/w/index.php?oldid=145959776,refers,MVZ 268323
http://commons.wikimedia.org/w/index.php?oldid=165692725,refers,JEP Boeing 777
http://commons.wikimedia.org/w/index.php?oldid=186097729,refers,LHR 09
http://commons.wikimedia.org/w/index.php?oldid=186563906,refers,AMNH 5753
http://commons.wikimedia.org/w/index.php?oldid=81684342,refers,USNM 99068
http://commons.wikimedia.org/w/index.php?oldid=91008774,refers,MCZ 161735
http://commons.wikimedia.org/w/index.php?oldid=113114412,refers,MCZ 161803
http://commons.wikimedia.org/w/index.php?oldid=183091214,refers,USNM 1201
http://commons.wikimedia.org/w/index.php?oldid=129110136,refers,JEP Boeing 777
http://commons.wikimedia.org/w/index.php?oldid=129110165,refers,JEP Boeing 777
http://commons.wikimedia.org/w/index.php?oldid=186097730,refers,JEP Boeing 777
http://commons.wikimedia.org/w/index.php?oldid=75979286,refers,MCZ 072329
http://commons.wikimedia.org/w/index.php?oldid=170690886,refers,USNM 359502.
http://commons.wikimedia.org/w/index.php?oldid=175372101,refers,AMNH 5027
http://commons.wikimedia.org/w/index.php?oldid=175627100,refers,USNM 413715
http://commons.wikimedia.org/w/index.php?oldid=81684385,refers,USNM 1174947
http://commons.wikimedia.org/w/index.php?oldid=163409256,refers,AMNH 460
http://commons.wikimedia.org/w/index.php?oldid=169296808,refers,AMNH 460
http://commons.wikimedia.org/w/index.php?oldid=164268598,refers,AMNH 460
http://commons.wikimedia.org/w/index.php?oldid=169296805,refers,AMNH 460
http://commons.wikimedia.org/w/index.php?oldid=105741340,refers,JEP 2013
http://commons.wikimedia.org/w/index.php?oldid=105741007,refers,JEP 2013
http://commons.wikimedia.org/w/index.php?oldid=105741665,refers,JEP 2013
http://commons.wikimedia.org/w/index.php?oldid=105741006,refers,JEP 2013
http://commons.wikimedia.org/w/index.php?oldid=105741464,refers,JEP 2013
http://commons.wikimedia.org/w/index.php?oldid=105741488,refers,JEP 2013
http://commons.wikimedia.org/w/index.php?oldid=105741978,refers,JEP 2013
http://commons.wikimedia.org/w/index.php?oldid=81684710,refers,USNM 46722
http://commons.wikimedia.org/w/index.php?oldid=81684309,refers,USNM 97652
http://commons.wikimedia.org/w/index.php?oldid=155324300,refers,JEP 2013
http://commons.wikimedia.org/w/index.php?oldid=105741968,refers,JEP 2013
http://commons.wikimedia.org/w/index.php?oldid=105742623,refers,JEP 2013
http://commons.wikimedia.org/w/index.php?oldid=81684309,refers,USNM 97652
http://commons.wikimedia.org/w/index.php?oldid=105741020,refers,JEP 2013
http://commons.wikimedia.org/w/index.php?oldid=105741062,refers,JEP 2013
http://commons.wikimedia.org/w/index.php?oldid=105741008,refers,JEP 2013
http://commons.wikimedia.org/w/index.php?oldid=119878564,refers,JEP 2013
http://commons.wikimedia.org/w/index.php?oldid=118421488,refers,JEP 2013
http://commons.wikimedia.org/w/index.php?oldid=154067210,refers,SMIB 10
http://commons.wikimedia.org/w/index.php?oldid=105741895,refers,JEP 2013
http://commons.wikimedia.org/w/index.php?oldid=105741737,refers,JEP 2013
http://commons.wikimedia.org/w/index.php?oldid=53190266,refers,MPL 85
http://commons.wikimedia.org/w/index.php?oldid=182626796,refers,GSP 5139
http://commons.wikimedia.org/w/index.php?oldid=184936688,refers,USNM 578171
http://commons.wikimedia.org/w/index.php?oldid=81685050,refers,USNM 97169
http://commons.wikimedia.org/w/index.php?oldid=81684876,refers,USNM 94268
http://commons.wikimedia.org/w/index.php?oldid=81685406,refers,USNM 85697
http://commons.wikimedia.org/w/index.php?oldid=177817708,refers,USNM 774206
http://commons.wikimedia.org/w/index.php?oldid=176072605,refers,USNM 404722
http://commons.wikimedia.org/w/index.php?oldid=167048845,refers,MVZ 250742
http://commons.wikimedia.org/w/index.php?oldid=81684450,refers,USNM 73917
http://commons.wikimedia.org/w/index.php?oldid=112522121,refers,FMNH 49838
http://commons.wikimedia.org/w/index.php?oldid=176208639,refers,OAMERICA 193
http://commons.wikimedia.org/w/index.php?oldid=183306171,refers,AMNH 5730
http://commons.wikimedia.org/w/index.php?oldid=182195327,refers,LSJU 9982
http://commons.wikimedia.org/w/index.php?oldid=168921244,refers,AMNH 460
http://commons.wikimedia.org/w/index.php?oldid=177817749,refers,USNM 683533
http://commons.wikimedia.org/w/index.php?oldid=150345619,refers,USNM 188552
http://commons.wikimedia.org/w/index.php?oldid=81684416,refers,USNM 96676
http://commons.wikimedia.org/w/index.php?oldid=169857564,refers,INS 7846
http://commons.wikimedia.org/w/index.php?oldid=81684781,refers,USNM 80014
http://commons.wikimedia.org/w/index.php?oldid=137134851,refers,ONE 5
http://commons.wikimedia.org/w/index.php?oldid=81684612,refers,USNM 48561
http://commons.wikimedia.org/w/index.php?oldid=81684673,refers,USNM 48780
http://commons.wikimedia.org/w/index.php?oldid=170581877,refers,GSP 5139
http://commons.wikimedia.org/w/index.php?oldid=180693594,refers,AMNH 3024
http://commons.wikimedia.org/w/index.php?oldid=183266723,refers,USNM 6527
http://commons.wikimedia.org/w/index.php?oldid=149749766,refers,JEP 2013
http://commons.wikimedia.org/w/index.php?oldid=181197081,refers,JEP 2013
http://commons.wikimedia.org/w/index.php?oldid=155994646,refers,JEP 2013
http://commons.wikimedia.org/w/index.php?oldid=105837275,refers,JEP 2013
http://commons.wikimedia.org/w/index.php?oldid=164737772,refers,JEP 2013
http://commons.wikimedia.org/w/index.php?oldid=164737768,refers,JEP 2013
http://commons.wikimedia.org/w/index.php?oldid=149749735,refers,JEP 2013
http://commons.wikimedia.org/w/index.php?oldid=149749745,refers,JEP 2013
http://commons.wikimedia.org/w/index.php?oldid=149749748,refers,JEP 2013
http://commons.wikimedia.org/w/index.php?oldid=149749749,refers,JEP 2013
http://commons.wikimedia.org/w/index.php?oldid=105311609,refers,JEP 2013
http://commons.wikimedia.org/w/index.php?oldid=81684529,refers,USNM 46077
http://commons.wikimedia.org/w/index.php?oldid=81685296,refers,USNM 81989
http://commons.wikimedia.org/w/index.php?oldid=105311621,refers,JEP 2013
http://commons.wikimedia.org/w/index.php?oldid=105311594,refers,JEP 2013
http://commons.wikimedia.org/w/index.php?oldid=106057749,refers,JEP 2013
http://commons.wikimedia.org/w/index.php?oldid=106057794,refers,JEP 2013
http://commons.wikimedia.org/w/index.php?oldid=164737767,refers,JEP 2013
http://commons.wikimedia.org/w/index.php?oldid=164737777,refers,JEP 2013
http://commons.wikimedia.org/w/index.php?oldid=149749755,refers,JEP 2013
http://commons.wikimedia.org/w/index.php?oldid=105311597,refers,JEP 2013
http://commons.wikimedia.org/w/index.php?oldid=149749769,refers,JEP 2013
http://commons.wikimedia.org/w/index.php?oldid=149749760,refers,JEP 2013
http://commons.wikimedia.org/w/index.php?oldid=149749765,refers,JEP 2013
http://commons.wikimedia.org/w/index.php?oldid=105311610,refers,JEP 2013
http://commons.wikimedia.org/w/index.php?oldid=164737773,refers,JEP 2013
http://commons.wikimedia.org/w/index.php?oldid=105837288,refers,JEP 2013
http://commons.wikimedia.org/w/index.php?oldid=155994671,refers,JEP 2013
http://commons.wikimedia.org/w/index.php?oldid=105803743,refers,JEP 2013
http://commons.wikimedia.org/w/index.php?oldid=116174019,refers,JEP 2013
http://commons.wikimedia.org/w/index.php?oldid=121001537,refers,JEP 2013
http://commons.wikimedia.org/w/index.php?oldid=149749742,refers,JEP 2013
http://commons.wikimedia.org/w/index.php?oldid=149749741,refers,JEP 2013
http://commons.wikimedia.org/w/index.php?oldid=149749744,refers,JEP 2013
http://commons.wikimedia.org/w/index.php?oldid=149749751,refers,JEP 2013
http://commons.wikimedia.org/w/index.php?oldid=105837285,refers,JEP 2013
http://commons.wikimedia.org/w/index.php?oldid=105311593,refers,JEP 2013
http://commons.wikimedia.org/w/index.php?oldid=105311616,refers,JEP 2013
http://commons.wikimedia.org/w/index.php?oldid=105837280,refers,JEP 2013
http://commons.wikimedia.org/w/index.php?oldid=164737774,refers,JEP 2013
http://commons.wikimedia.org/w/index.php?oldid=164737776,refers,JEP 2013
http://commons.wikimedia.org/w/index.php?oldid=149749752,refers,JEP 2013
http://commons.wikimedia.org/w/index.php?oldid=149749747,refers,JEP 2013
http://commons.wikimedia.org/w/index.php?oldid=106057744,refers,JEP 2013
http://commons.wikimedia.org/w/index.php?oldid=178926338,refers,JEP 2013
http://commons.wikimedia.org/w/index.php?oldid=105803664,refers,JEP 2013
http://commons.wikimedia.org/w/index.php?oldid=164737769,refers,JEP 2013
http://commons.wikimedia.org/w/index.php?oldid=149749759,refers,JEP 2013
http://commons.wikimedia.org/w/index.php?oldid=149749767,refers,JEP 2013
http://commons.wikimedia.org/w/index.php?oldid=149749761,refers,JEP 2013
http://commons.wikimedia.org/w/index.php?oldid=149749743,refers,JEP 2013
http://commons.wikimedia.org/w/index.php?oldid=178926342,refers,JEP 2013
http://commons.wikimedia.org/w/index.php?oldid=149749758,refers,JEP 2013
http://commons.wikimedia.org/w/index.php?oldid=149749764,refers,JEP 2013
http://commons.wikimedia.org/w/index.php?oldid=149749757,refers,JEP 2013
http://commons.wikimedia.org/w/index.php?oldid=153120559,refers,JEP 2013
http://commons.wikimedia.org/w/index.php?oldid=105804206,refers,JEP 2013
http://commons.wikimedia.org/w/index.php?oldid=105837279,refers,JEP 2013
http://commons.wikimedia.org/w/index.php?oldid=116541439,refers,JEP 2013
http://commons.wikimedia.org/w/index.php?oldid=141011950,refers,JEP 2013
http://commons.wikimedia.org/w/index.php?oldid=105837277,refers,JEP 2013
http://commons.wikimedia.org/w/index.php?oldid=164737775,refers,JEP 2013
http://commons.wikimedia.org/w/index.php?oldid=105803638,refers,JEP 2013
http://commons.wikimedia.org/w/index.php?oldid=106057748,refers,JEP 2013
http://commons.wikimedia.org/w/index.php?oldid=119349982,refers,JEP 2013
http://commons.wikimedia.org/w/index.php?oldid=105311599,refers,JEP 2013
http://commons.wikimedia.org/w/index.php?oldid=105311605,refers,JEP 2013
http://commons.wikimedia.org/w/index.php?oldid=105311612,refers,JEP 2013
http://commons.wikimedia.org/w/index.php?oldid=105311595,refers,JEP 2013
http://commons.wikimedia.org/w/index.php?oldid=184426218,refers,JEP 2013
http://commons.wikimedia.org/w/index.php?oldid=177817741,refers,BMNH 1950.11.14.48
http://commons.wikimedia.org/w/index.php?oldid=177817784,refers,USNM 764750
http://commons.wikimedia.org/w/index.php?oldid=150665083,refers,CMN 0210
http://commons.wikimedia.org/w/index.php?oldid=173691494,refers,MCZ 378
http://commons.wikimedia.org/w/index.php?oldid=81684394,refers,USNM 82696
http://commons.wikimedia.org/w/index.php?oldid=180975666,refers,AMNH 5730
http://commons.wikimedia.org/w/index.php?oldid=177794897,refers,AMNH 5427.
http://commons.wikimedia.org/w/index.php?oldid=178214026,refers,UALVP 31
http://commons.wikimedia.org/w/index.php?oldid=179051341,refers,AMNH 5895
http://commons.wikimedia.org/w/index.php?oldid=183457119,refers,AMNH 5220
http://commons.wikimedia.org/w/index.php?oldid=182963249,refers,AMNH 3998
http://commons.wikimedia.org/w/index.php?oldid=143718008,refers,AMNH 6169.
http://commons.wikimedia.org/w/index.php?oldid=178035473,refers,AMNH 5895
http://commons.wikimedia.org/w/index.php?oldid=178035476,refers,AMNH 5895
http://commons.wikimedia.org/w/index.php?oldid=183457118,refers,AMNH 5240
http://commons.wikimedia.org/w/index.php?oldid=183457116,refers,AMNH 5836
http://commons.wikimedia.org/w/index.php?oldid=175806910,refers,AMNH 460
http://commons.wikimedia.org/w/index.php?oldid=179271173,refers,TOSAURUS 65
http://commons.wikimedia.org/w/index.php?oldid=150586502,refers,AMNH 2240
http://commons.wikimedia.org/w/index.php?oldid=81684841,refers,USNM 61928
http://commons.wikimedia.org/w/index.php?oldid=116056483,refers,JEP 2013
http://commons.wikimedia.org/w/index.php?oldid=106057767,refers,JEP 2013
http://commons.wikimedia.org/w/index.php?oldid=114210767,refers,JEP 2013
http://commons.wikimedia.org/w/index.php?oldid=105764130,refers,JEP 2013
http://commons.wikimedia.org/w/index.php?oldid=141011955,refers,JEP 2013
http://commons.wikimedia.org/w/index.php?oldid=105725922,refers,JEP 2103
http://commons.wikimedia.org/w/index.php?oldid=105725976,refers,JEP 2103
http://commons.wikimedia.org/w/index.php?oldid=116056354,refers,JEP 2013
http://commons.wikimedia.org/w/index.php?oldid=175629319,refers,FMNH 173105
http://commons.wikimedia.org/w/index.php?oldid=166608909,refers,USNM 123392
http://commons.wikimedia.org/w/index.php?oldid=116056354,refers,JEP 2013
http://commons.wikimedia.org/w/index.php?oldid=175629319,refers,FMNH 173105
http://commons.wikimedia.org/w/index.php?oldid=177459830,refers,AFS 3
http://commons.wikimedia.org/w/index.php?oldid=116056652,refers,JEP 2103.
http://commons.wikimedia.org/w/index.php?oldid=105634618,refers,JEP 2103
http://commons.wikimedia.org/w/index.php?oldid=167624044,refers,JEP 2013
http://commons.wikimedia.org/w/index.php?oldid=145824109,refers,JEP 2013
http://commons.wikimedia.org/w/index.php?oldid=145824110,refers,JEP 2013
http://commons.wikimedia.org/w/index.php?oldid=116056357,refers,JEP 2013
http://commons.wikimedia.org/w/index.php?oldid=116056367,refers,JEP 2013
http://commons.wikimedia.org/w/index.php?oldid=149749739,refers,JEP 2013
http://commons.wikimedia.org/w/index.php?oldid=149749750,refers,JEP 2013
http://commons.wikimedia.org/w/index.php?oldid=81684922,refers,USNM 46962
http://commons.wikimedia.org/w/index.php?oldid=177820354,refers,MBI 373
http://commons.wikimedia.org/w/index.php?oldid=167623685,refers,JEP 2013
http://commons.wikimedia.org/w/index.php?oldid=116541490,refers,JEP 2013
http://commons.wikimedia.org/w/index.php?oldid=105634623,refers,JEP 2103
http://commons.wikimedia.org/w/index.php?oldid=116541569,refers,JEP 2013
http://commons.wikimedia.org/w/index.php?oldid=150655539,refers,USNM 482355
http://commons.wikimedia.org/w/index.php?oldid=150655539,refers,USNM 482355
http://commons.wikimedia.org/w/index.php?oldid=167624045,refers,JEP 2013
http://commons.wikimedia.org/w/index.php?oldid=116056363,refers,JEP 2013
http://commons.wikimedia.org/w/index.php?oldid=105634613,refers,JEP 2103
http://commons.wikimedia.org/w/index.php?oldid=105764133,refers,JEP 2013
http://commons.wikimedia.org/w/index.php?oldid=176242027,refers,MCZ 6129
http://commons.wikimedia.org/w/index.php?oldid=131687248,refers,FMNH Me 2259
http://commons.wikimedia.org/w/index.php?oldid=158597770,refers,PIN 551
http://commons.wikimedia.org/w/index.php?oldid=180693620,refers,FMNH 77513
http://commons.wikimedia.org/w/index.php?oldid=166402266,refers,CMD 361
http://commons.wikimedia.org/w/index.php?oldid=176108138,refers,LIFORNIA 61
http://commons.wikimedia.org/w/index.php?oldid=155275212,refers,CMD 446
http://commons.wikimedia.org/w/index.php?oldid=133756622,refers,ENT 00873968
http://commons.wikimedia.org/w/index.php?oldid=175861149,refers,ARIATION 199
http://commons.wikimedia.org/w/index.php?oldid=183877335,refers,AMNH 5730
http://commons.wikimedia.org/w/index.php?oldid=177817770,refers,CHLAMYS 209
http://commons.wikimedia.org/w/index.php?oldid=185307457,refers,USNM 164262
http://commons.wikimedia.org/w/index.php?oldid=175623529,refers,AMNH 181976
http://commons.wikimedia.org/w/index.php?oldid=185957986,refers,AMNH 5220
http://commons.wikimedia.org/w/index.php?oldid=183457117,refers,AMNH 5220.
http://commons.wikimedia.org/w/index.php?oldid=178035469,refers,AMNH 5895
http://commons.wikimedia.org/w/index.php?oldid=179051342,refers,AMNH 5895
http://commons.wikimedia.org/w/index.php?oldid=178031650,refers,AMNH 6516
http://commons.wikimedia.org/w/index.php?oldid=175239106,refers,OCEAN 283
http://commons.wikimedia.org/w/index.php?oldid=150665307,refers,AMNH 17808
http://commons.wikimedia.org/w/index.php?oldid=181995053,refers,AMNH 5895
http://commons.wikimedia.org/w/index.php?oldid=184068421,refers,AMNH 5214
http://commons.wikimedia.org/w/index.php?oldid=181995416,refers,AMNH 5895
http://commons.wikimedia.org/w/index.php?oldid=82306101,refers,CEUM 7319
http://commons.wikimedia.org/w/index.php?oldid=178035474,refers,AMNH 5895
http://commons.wikimedia.org/w/index.php?oldid=179051344,refers,AMNH 5895
http://commons.wikimedia.org/w/index.php?oldid=178031649,refers,AMNH 6516.
http://commons.wikimedia.org/w/index.php?oldid=166538561,refers,AMNH 5458
http://commons.wikimedia.org/w/index.php?oldid=178035167,refers,AMNH 6516.
http://commons.wikimedia.org/w/index.php?oldid=183119168,refers,USNM 502382
http://commons.wikimedia.org/w/index.php?oldid=98892742,refers,AFS 3
http://commons.wikimedia.org/w/index.php?oldid=154025496,refers,FMNH 23969.
http://commons.wikimedia.org/w/index.php?oldid=158417334,refers,FMNH 70722
http://commons.wikimedia.org/w/index.php?oldid=177821091,refers,BULLETIN 21
http://commons.wikimedia.org/w/index.php?oldid=181584094,refers,USNM 117384
http://commons.wikimedia.org/w/index.php?oldid=103359209,refers,HDR 2.3.0
http://commons.wikimedia.org/w/index.php?oldid=158597759,refers,CMN 8506
http://commons.wikimedia.org/w/index.php?oldid=46494248,refers,FMNH 147080.
http://commons.wikimedia.org/w/index.php?oldid=182545279,refers,ONE 9
http://commons.wikimedia.org/w/index.php?oldid=67877806,refers,USNM 108462
http://commons.wikimedia.org/w/index.php?oldid=70809093,refers,USNM 170981
http://commons.wikimedia.org/w/index.php?oldid=69720899,refers,USNM 171103
http://commons.wikimedia.org/w/index.php?oldid=177818457,refers,EOLIS 127
http://commons.wikimedia.org/w/index.php?oldid=185307344,refers,USNM 164228
http://commons.wikimedia.org/w/index.php?oldid=177788025,refers,AMNH 5427
http://commons.wikimedia.org/w/index.php?oldid=142165144,refers,PIC 1960.010
http://commons.wikimedia.org/w/index.php?oldid=145281759,refers,AMNH 26
http://commons.wikimedia.org/w/index.php?oldid=147120182,refers,FMNH 70726
http://commons.wikimedia.org/w/index.php?oldid=158417364,refers,FMNH 70726
http://commons.wikimedia.org/w/index.php?oldid=177818810,refers,IOWA 65
http://commons.wikimedia.org/w/index.php?oldid=166608743,refers,USNM 123392
http://commons.wikimedia.org/w/index.php?oldid=147803900,refers,CMD 365
http://commons.wikimedia.org/w/index.php?oldid=174129959,refers,USNM 4976
http://commons.wikimedia.org/w/index.php?oldid=146155621,refers,CMD 526
http://commons.wikimedia.org/w/index.php?oldid=182453960,refers,MOR 492
http://commons.wikimedia.org/w/index.php?oldid=163348098,refers,USNM 15560
http://commons.wikimedia.org/w/index.php?oldid=145285256,refers,AMNH 26
http://commons.wikimedia.org/w/index.php?oldid=166609566,refers,USNM 123392
http://commons.wikimedia.org/w/index.php?oldid=123618183,refers,BRN 1526393
http://commons.wikimedia.org/w/index.php?oldid=156925323,refers,USNM 573671
http://commons.wikimedia.org/w/index.php?oldid=130226440,refers,USNM 502382
http://commons.wikimedia.org/w/index.php?oldid=183188704,refers,USNM 19748
http://commons.wikimedia.org/w/index.php?oldid=67877791,refers,USNM 171034
http://commons.wikimedia.org/w/index.php?oldid=180606474,refers,USNM 4934
http://commons.wikimedia.org/w/index.php?oldid=70809096,refers,USNM 170981
http://commons.wikimedia.org/w/index.php?oldid=158417367,refers,FMNH 41501
http://commons.wikimedia.org/w/index.php?oldid=156590555,refers,USNM 539
http://commons.wikimedia.org/w/index.php?oldid=182106788,refers,GONECTES 37
http://commons.wikimedia.org/w/index.php?oldid=177820375,refers,USNM 501824
http://commons.wikimedia.org/w/index.php?oldid=67877671,refers,USNM 171034
http://commons.wikimedia.org/w/index.php?oldid=184059358,refers,USNM 11892
http://commons.wikimedia.org/w/index.php?oldid=182114513,refers,USNM 4822
http://commons.wikimedia.org/w/index.php?oldid=177817746,refers,USNM 764706
http://commons.wikimedia.org/w/index.php?oldid=180693626,refers,FMNH 148285
http://commons.wikimedia.org/w/index.php?oldid=175622634,refers,FMNH 57666
http://commons.wikimedia.org/w/index.php?oldid=175250469,refers,ULITIDAE 201
http://commons.wikimedia.org/w/index.php?oldid=178919909,refers,USNM 4934
http://commons.wikimedia.org/w/index.php?oldid=84984231,refers,USNM 171103
http://commons.wikimedia.org/w/index.php?oldid=67877809,refers,USNM 108462
http://commons.wikimedia.org/w/index.php?oldid=81685529,refers,USNM 78767
http://commons.wikimedia.org/w/index.php?oldid=182106738,refers,GONECTES 67
http://commons.wikimedia.org/w/index.php?oldid=177513138,refers,XIX ...
http://commons.wikimedia.org/w/index.php?oldid=177513126,refers,XIX ...
http://commons.wikimedia.org/w/index.php?oldid=177513135,refers,XIX ...
http://commons.wikimedia.org/w/index.php?oldid=177513118,refers,XIX ...
http://commons.wikimedia.org/w/index.php?oldid=177513125,refers,XIX ...
http://commons.wikimedia.org/w/index.php?oldid=177513142,refers,XIX ...
http://commons.wikimedia.org/w/index.php?oldid=177513141,refers,XIX ...
http://commons.wikimedia.org/w/index.php?oldid=177513148,refers,XIX ...
http://commons.wikimedia.org/w/index.php?oldid=177513133,refers,XIX ...
http://commons.wikimedia.org/w/index.php?oldid=177513139,refers,XIX ...
http://commons.wikimedia.org/w/index.php?oldid=177513129,refers,XIX ...
http://commons.wikimedia.org/w/index.php?oldid=177513136,refers,XIX ...
http://commons.wikimedia.org/w/index.php?oldid=177513137,refers,XIX ...
http://commons.wikimedia.org/w/index.php?oldid=177513149,refers,XIX ...
http://commons.wikimedia.org/w/index.php?oldid=177513145,refers,XIX ...
http://commons.wikimedia.org/w/index.php?oldid=177513143,refers,XIX ...
http://commons.wikimedia.org/w/index.php?oldid=150765598,refers,AMNH 7136
http://commons.wikimedia.org/w/index.php?oldid=169979117,refers,AMNH 3861
http://commons.wikimedia.org/w/index.php?oldid=105311691,refers,AMNH 9631
http://commons.wikimedia.org/w/index.php?oldid=178712417,refers,AMNH 6517
http://commons.wikimedia.org/w/index.php?oldid=177820409,refers,VIRGINIA 87
http://commons.wikimedia.org/w/index.php?oldid=175623219,refers,FMNH 18907
http://commons.wikimedia.org/w/index.php?oldid=182113216,refers,USNM 69893
http://commons.wikimedia.org/w/index.php?oldid=185307409,refers,USNM 164237
http://commons.wikimedia.org/w/index.php?oldid=169235562,refers,AMNH 5405.
http://commons.wikimedia.org/w/index.php?oldid=178214031,refers,AMNH 5405
http://commons.wikimedia.org/w/index.php?oldid=178214028,refers,AMNH 5404
http://commons.wikimedia.org/w/index.php?oldid=182963317,refers,AMNH 3999
http://commons.wikimedia.org/w/index.php?oldid=182819788,refers,AMNH 969
http://commons.wikimedia.org/w/index.php?oldid=178214036,refers,AMNH 5405
http://commons.wikimedia.org/w/index.php?oldid=182963368,refers,AMNH 3998.
http://commons.wikimedia.org/w/index.php?oldid=51470068,refers,USNM 874926.
http://commons.wikimedia.org/w/index.php?oldid=159466778,refers,MOR 003
http://commons.wikimedia.org/w/index.php?oldid=74943629,refers,USNM 874926.
http://commons.wikimedia.org/w/index.php?oldid=182106737,refers,USNM 98401
http://commons.wikimedia.org/w/index.php?oldid=185199253,refers,MSN 1332
http://commons.wikimedia.org/w/index.php?oldid=185199251,refers,MSN 1332
http://commons.wikimedia.org/w/index.php?oldid=185199278,refers,MSN 1332
http://commons.wikimedia.org/w/index.php?oldid=185199280,refers,MSN 1332
http://commons.wikimedia.org/w/index.php?oldid=130224029,refers,FMNH Me 1442
http://commons.wikimedia.org/w/index.php?oldid=106845291,refers,FMNH Me 592
http://commons.wikimedia.org/w/index.php?oldid=137546353,refers,FMNH 11053
http://commons.wikimedia.org/w/index.php?oldid=141462293,refers,FMNH 23970
http://commons.wikimedia.org/w/index.php?oldid=180920574,refers,FMNH Me 2640
http://commons.wikimedia.org/w/index.php?oldid=185307642,refers,USNM 164222
http://commons.wikimedia.org/w/index.php?oldid=179770003,refers,FMNH 195182
http://commons.wikimedia.org/w/index.php?oldid=175623246,refers,FMNH 129804
http://commons.wikimedia.org/w/index.php?oldid=174443712,refers,FMNH 9271
http://commons.wikimedia.org/w/index.php?oldid=158597864,refers,MOR 980
http://commons.wikimedia.org/w/index.php?oldid=182467446,refers,FMNH Me 879
http://commons.wikimedia.org/w/index.php?oldid=185199238,refers,MSN 1332
http://commons.wikimedia.org/w/index.php?oldid=185199283,refers,MSN 1332
http://commons.wikimedia.org/w/index.php?oldid=185199250,refers,MSN 1332
http://commons.wikimedia.org/w/index.php?oldid=185199281,refers,MSN 1332
http://commons.wikimedia.org/w/index.php?oldid=185199279,refers,MSN 1332
http://commons.wikimedia.org/w/index.php?oldid=51230076,refers,USNM 874926.
http://commons.wikimedia.org/w/index.php?oldid=67877772,refers,USNM 65066
http://commons.wikimedia.org/w/index.php?oldid=59030067,refers,USNM 75203
http://commons.wikimedia.org/w/index.php?oldid=147250793,refers,USNM 178993
http://commons.wikimedia.org/w/index.php?oldid=126284990,refers,USNM 170979
http://commons.wikimedia.org/w/index.php?oldid=178038220,refers,USNM 11869
http://commons.wikimedia.org/w/index.php?oldid=67877769,refers,USNM 125945
http://commons.wikimedia.org/w/index.php?oldid=175243796,refers,USNM 108912
http://commons.wikimedia.org/w/index.php?oldid=175247324,refers,ULITIDAE 173
http://commons.wikimedia.org/w/index.php?oldid=79846671,refers,USNM 874926.
http://commons.wikimedia.org/w/index.php?oldid=51142195,refers,USNM 874932
http://commons.wikimedia.org/w/index.php?oldid=51469409,refers,USNM 874926.
http://commons.wikimedia.org/w/index.php?oldid=74943620,refers,USNM 874926.
http://commons.wikimedia.org/w/index.php?oldid=69721041,refers,USNM 171103
http://commons.wikimedia.org/w/index.php?oldid=69721043,refers,USNM 171103
http://commons.wikimedia.org/w/index.php?oldid=67877779,refers,USNM 65066
http://commons.wikimedia.org/w/index.php?oldid=67877637,refers,USNM 131814
http://commons.wikimedia.org/w/index.php?oldid=67877754,refers,USNM 131814
http://commons.wikimedia.org/w/index.php?oldid=59584174,refers,USNM 71367
http://commons.wikimedia.org/w/index.php?oldid=182258158,refers,USNM 14107
http://commons.wikimedia.org/w/index.php?oldid=175238912,refers,USNM 87610
http://commons.wikimedia.org/w/index.php?oldid=175623180,refers,FMNH 124595
http://commons.wikimedia.org/w/index.php?oldid=179770003,refers,FMNH 195182
http://commons.wikimedia.org/w/index.php?oldid=175623246,refers,FMNH 129804
http://commons.wikimedia.org/w/index.php?oldid=177818269,refers,USNM 760616
http://commons.wikimedia.org/w/index.php?oldid=177817798,refers,USNM 764329
http://commons.wikimedia.org/w/index.php?oldid=176148418,refers,USNM 6045
http://commons.wikimedia.org/w/index.php?oldid=74943633,refers,USNM 874926.
http://commons.wikimedia.org/w/index.php?oldid=126284955,refers,USNM 117384
http://commons.wikimedia.org/w/index.php?oldid=146968869,refers,USMN 119
http://commons.wikimedia.org/w/index.php?oldid=183091216,refers,USNM 2412.
http://commons.wikimedia.org/w/index.php?oldid=180693592,refers,AMNH 66733
http://commons.wikimedia.org/w/index.php?oldid=74943637,refers,USNM 874926.
http://commons.wikimedia.org/w/index.php?oldid=126285001,refers,USNM 179601
http://commons.wikimedia.org/w/index.php?oldid=67877767,refers,USNM 125945
http://commons.wikimedia.org/w/index.php?oldid=74943632,refers,USNM 874926.
http://commons.wikimedia.org/w/index.php?oldid=51142336,refers,USNM 874932.
http://commons.wikimedia.org/w/index.php?oldid=166608696,refers,USNM 238008
http://commons.wikimedia.org/w/index.php?oldid=175238872,refers,USNM 91690
http://commons.wikimedia.org/w/index.php?oldid=140881923,refers,FMNH 47398
http://commons.wikimedia.org/w/index.php?oldid=96500038,refers,BMRP 2002.4.1
http://commons.wikimedia.org/w/index.php?oldid=106845313,refers,FMNH Me 2118
http://commons.wikimedia.org/w/index.php?oldid=133756606,refers,ENT 00873978
http://commons.wikimedia.org/w/index.php?oldid=133756615,refers,ENT 00873979
http://commons.wikimedia.org/w/index.php?oldid=133756605,refers,ENT 00873999
http://commons.wikimedia.org/w/index.php?oldid=133756623,refers,ENT 00873985
http://commons.wikimedia.org/w/index.php?oldid=133756621,refers,ENT 00873974
http://commons.wikimedia.org/w/index.php?oldid=183091215,refers,USNM 2412
http://commons.wikimedia.org/w/index.php?oldid=182469595,refers,FMNH Me 881
http://commons.wikimedia.org/w/index.php?oldid=175627631,refers,FMNH 173105
http://commons.wikimedia.org/w/index.php?oldid=133756620,refers,ENT 00873966
http://commons.wikimedia.org/w/index.php?oldid=133756614,refers,ENT 00873996
http://commons.wikimedia.org/w/index.php?oldid=187957667,refers,ENT 00873051
http://commons.wikimedia.org/w/index.php?oldid=133756610,refers,ENT 00873984
http://commons.wikimedia.org/w/index.php?oldid=133756612,refers,ENT 00873980
http://commons.wikimedia.org/w/index.php?oldid=133756608,refers,ENT 00873975
http://commons.wikimedia.org/w/index.php?oldid=133756611,refers,ENT 00873991
http://commons.wikimedia.org/w/index.php?oldid=133756618,refers,ENT 00873972
http://commons.wikimedia.org/w/index.php?oldid=184631425,refers,USNM 1000153
http://commons.wikimedia.org/w/index.php?oldid=179373982,refers,USNM 21903
http://commons.wikimedia.org/w/index.php?oldid=184631427,refers,USNM 1
http://commons.wikimedia.org/w/index.php?oldid=170044484,refers,LOMETERS Map 91.
http://commons.wikimedia.org/w/index.php?oldid=177513120,refers,XIX ...
http://commons.wikimedia.org/w/index.php?oldid=177513119,refers,XIX ...
http://commons.wikimedia.org/w/index.php?oldid=177513122,refers,XIX ...
http://commons.wikimedia.org/w/index.php?oldid=133756604,refers,ENT 00873993
http://commons.wikimedia.org/w/index.php?oldid=133756617,refers,ENT 00873987
http://commons.wikimedia.org/w/index.php?oldid=133756613,refers,ENT 00873998
http://commons.wikimedia.org/w/index.php?oldid=133756619,refers,ENT 00873970
http://commons.wikimedia.org/w/index.php?oldid=184631421,refers,USNM 1000158
http://commons.wikimedia.org/w/index.php?oldid=176072593,refers,USNM 404730
http://commons.wikimedia.org/w/index.php?oldid=177820395,refers,AMNH 46594
http://commons.wikimedia.org/w/index.php?oldid=176107583,refers,HAENACEA 57
http://commons.wikimedia.org/w/index.php?oldid=150567551,refers,AMNH 6120
http://commons.wikimedia.org/w/index.php?oldid=177779680,refers,AMNH 5240
http://commons.wikimedia.org/w/index.php?oldid=178151320,refers,RAM 14000.
http://commons.wikimedia.org/w/index.php?oldid=169162397,refers,AMNH 5214
http://commons.wikimedia.org/w/index.php?oldid=184068417,refers,UALVP 47273
http://commons.wikimedia.org/w/index.php?oldid=185883452,refers,AMNH 11225
http://commons.wikimedia.org/w/index.php?oldid=182593900,refers,AMNH 5730
http://commons.wikimedia.org/w/index.php?oldid=177818362,refers,AMNH 270411
http://commons.wikimedia.org/w/index.php?oldid=175623543,refers,AMNH 70928
http://commons.wikimedia.org/w/index.php?oldid=180693576,refers,AMNH 62612
http://commons.wikimedia.org/w/index.php?oldid=180693615,refers,AMNH 69578.
http://commons.wikimedia.org/w/index.php?oldid=175246637,refers,USNM 44940.
http://commons.wikimedia.org/w/index.php?oldid=177818369,refers,ACOPHORA 133
http://commons.wikimedia.org/w/index.php?oldid=177816737,refers,REVISION 15
http://commons.wikimedia.org/w/index.php?oldid=175622622,refers,VIL 1972
http://commons.wikimedia.org/w/index.php?oldid=179038308,refers,AMNH 16.
http://commons.wikimedia.org/w/index.php?oldid=179038309,refers,AMNH 16.
http://commons.wikimedia.org/w/index.php?oldid=150665093,refers,AMNH 5337.
http://commons.wikimedia.org/w/index.php?oldid=67733886,refers,AMNH 143783
http://commons.wikimedia.org/w/index.php?oldid=183956219,refers,AMNH 5401
http://commons.wikimedia.org/w/index.php?oldid=182430431,refers,AMNH 6254
http://commons.wikimedia.org/w/index.php?oldid=184067818,refers,AMNH 5403
http://commons.wikimedia.org/w/index.php?oldid=184686600,refers,AMNH 24000
http://commons.wikimedia.org/w/index.php?oldid=175623536,refers,AMNH 43589
http://commons.wikimedia.org/w/index.php?oldid=170090622,refers,AMNH 4526
http://commons.wikimedia.org/w/index.php?oldid=182638847,refers,AMNH 650
http://commons.wikimedia.org/w/index.php?oldid=69720883,refers,AMNH 9631
http://commons.wikimedia.org/w/index.php?oldid=156104533,refers,AMNH 5027.
http://commons.wikimedia.org/w/index.php?oldid=155205428,refers,AMNH 2438
http://commons.wikimedia.org/w/index.php?oldid=150659300,refers,AMNH 18650
http://commons.wikimedia.org/w/index.php?oldid=154001009,refers,AMNH 5340
http://commons.wikimedia.org/w/index.php?oldid=177788040,refers,AMNH 5427.
http://commons.wikimedia.org/w/index.php?oldid=182819789,refers,AMNH 969
http://commons.wikimedia.org/w/index.php?oldid=150659307,refers,AMNH 18650
http://commons.wikimedia.org/w/index.php?oldid=166648688,refers,AMNH 5214
http://commons.wikimedia.org/w/index.php?oldid=179052878,refers,AMNH 5777
http://commons.wikimedia.org/w/index.php?oldid=145566843,refers,AMNH 5027.
http://commons.wikimedia.org/w/index.php?oldid=184022414,refers,FARB 21786
http://commons.wikimedia.org/w/index.php?oldid=171797561,refers,MCZ 361891
http://commons.wikimedia.org/w/index.php?oldid=175623245,refers,FMNH 108696
http://commons.wikimedia.org/w/index.php?oldid=170690850,refers,BMNH 1940.2.20.32
http://commons.wikimedia.org/w/index.php?oldid=185305286,refers,USNM 7484
http://commons.wikimedia.org/w/index.php?oldid=177818345,refers,DAGASCAR 105
http://commons.wikimedia.org/w/index.php?oldid=121876305,refers,USNM 318171
http://commons.wikimedia.org/w/index.php?oldid=177614118,refers,USNM 1204759
http://commons.wikimedia.org/w/index.php?oldid=152214891,refers,USNM 4720
http://commons.wikimedia.org/w/index.php?oldid=170065883,refers,USNM 573676
http://commons.wikimedia.org/w/index.php?oldid=97436508,refers,USNM 579875
http://commons.wikimedia.org/w/index.php?oldid=184936679,refers,USNM 578171
http://commons.wikimedia.org/w/index.php?oldid=184431522,refers,USNM 578190
http://commons.wikimedia.org/w/index.php?oldid=175623186,refers,FMNH 60402
http://commons.wikimedia.org/w/index.php?oldid=177820422,refers,FMNH 2002
http://commons.wikimedia.org/w/index.php?oldid=177818247,refers,USNM 856418
http://commons.wikimedia.org/w/index.php?oldid=184540588,refers,USNM 171731
http://commons.wikimedia.org/w/index.php?oldid=176146677,refers,USNM 311340
http://commons.wikimedia.org/w/index.php?oldid=176148408,refers,GURE 146
http://commons.wikimedia.org/w/index.php?oldid=152960411,refers,UCB Unit 3
http://commons.wikimedia.org/w/index.php?oldid=150188140,refers,UTC 2010
http://commons.wikimedia.org/w/index.php?oldid=175228437,refers,AMNH 6553
http://commons.wikimedia.org/w/index.php?oldid=170252304,refers,AMNH 3101
http://commons.wikimedia.org/w/index.php?oldid=169227821,refers,USNM 573675
http://commons.wikimedia.org/w/index.php?oldid=96275047,refers,USNM 579874
http://commons.wikimedia.org/w/index.php?oldid=134261856,refers,USNM 1602
http://commons.wikimedia.org/w/index.php?oldid=184936685,refers,USNM 582493
http://commons.wikimedia.org/w/index.php?oldid=183091218,refers,USNM 2412.
http://commons.wikimedia.org/w/index.php?oldid=182768516,refers,AMNH 6341
http://commons.wikimedia.org/w/index.php?oldid=172001572,refers,CMD 459
http://commons.wikimedia.org/w/index.php?oldid=96275555,refers,USNM 579874.
http://commons.wikimedia.org/w/index.php?oldid=176333458,refers,USNM 573683
http://commons.wikimedia.org/w/index.php?oldid=176333205,refers,USNM 573681
http://commons.wikimedia.org/w/index.php?oldid=176333473,refers,CMD 383
http://commons.wikimedia.org/w/index.php?oldid=75518757,refers,USNM 266842.
http://commons.wikimedia.org/w/index.php?oldid=166608923,refers,USNM 238008
http://commons.wikimedia.org/w/index.php?oldid=185814698,refers,USNM 2673
http://commons.wikimedia.org/w/index.php?oldid=184936682,refers,USNM 578171
http://commons.wikimedia.org/w/index.php?oldid=184936684,refers,USNM 572502
http://commons.wikimedia.org/w/index.php?oldid=169221935,refers,CMD 594
http://commons.wikimedia.org/w/index.php?oldid=172001574,refers,CMD 493
http://commons.wikimedia.org/w/index.php?oldid=95211866,refers,USNM 874926.
http://commons.wikimedia.org/w/index.php?oldid=178919433,refers,USNM 10865.
http://commons.wikimedia.org/w/index.php?oldid=180841286,refers,USNM 3814
http://commons.wikimedia.org/w/index.php?oldid=166609383,refers,USNM 584472
http://commons.wikimedia.org/w/index.php?oldid=184936678,refers,USNM 578171
http://commons.wikimedia.org/w/index.php?oldid=184936687,refers,USNM 582493
http://commons.wikimedia.org/w/index.php?oldid=183304571,refers,LACM 17712
http://commons.wikimedia.org/w/index.php?oldid=182819792,refers,USNM 2673
http://commons.wikimedia.org/w/index.php?oldid=177821262,refers,USNM 867015
http://commons.wikimedia.org/w/index.php?oldid=176148430,refers,USNM 604672
http://commons.wikimedia.org/w/index.php?oldid=176147690,refers,USNM 25658
http://commons.wikimedia.org/w/index.php?oldid=176146844,refers,USNM 310586
http://commons.wikimedia.org/w/index.php?oldid=175217859,refers,MVZ 155199.
http://commons.wikimedia.org/w/index.php?oldid=176333420,refers,USNM 573682
http://commons.wikimedia.org/w/index.php?oldid=52534352,refers,USNM 874926.
http://commons.wikimedia.org/w/index.php?oldid=81685444,refers,USNM 97553
http://commons.wikimedia.org/w/index.php?oldid=96275546,refers,USNM 57987.
http://commons.wikimedia.org/w/index.php?oldid=96275116,refers,USNM 579873
http://commons.wikimedia.org/w/index.php?oldid=184936680,refers,USNM 572502
http://commons.wikimedia.org/w/index.php?oldid=184936683,refers,USNM 572502
http://commons.wikimedia.org/w/index.php?oldid=182819793,refers,USNM 2673
http://commons.wikimedia.org/w/index.php?oldid=175395034,refers,FMNH 1951
http://commons.wikimedia.org/w/index.php?oldid=176146309,refers,USNM 314615
http://commons.wikimedia.org/w/index.php?oldid=185307268,refers,LSJU 138.
http://commons.wikimedia.org/w/index.php?oldid=185307523,refers,LACM 62.
http://commons.wikimedia.org/w/index.php?oldid=185307558,refers,USNM 164212
http://commons.wikimedia.org/w/index.php?oldid=187906283,refers,ULITIDAE 99
http://commons.wikimedia.org/w/index.php?oldid=180408129,refers,FMNH 66510
http://commons.wikimedia.org/w/index.php?oldid=183838881,refers,NHRP 82002156
http://commons.wikimedia.org/w/index.php?oldid=178159078,refers,CMNH 9380
http://commons.wikimedia.org/w/index.php?oldid=177818355,refers,NHM 1855.4.4.282.
http://commons.wikimedia.org/w/index.php?oldid=179940724,refers,AMNH 666
http://commons.wikimedia.org/w/index.php?oldid=164825209,refers,FMNH 338808
http://commons.wikimedia.org/w/index.php?oldid=140881898,refers,FMNH 33449
http://commons.wikimedia.org/w/index.php?oldid=175625384,refers,FMNH 195071
http://commons.wikimedia.org/w/index.php?oldid=185305846,refers,MCZ 181161
http://commons.wikimedia.org/w/index.php?oldid=148150619,refers,ZIN 91190
http://commons.wikimedia.org/w/index.php?oldid=171506629,refers,EAST 123
http://commons.wikimedia.org/w/index.php?oldid=178039254,refers,AMNH 5760.
http://commons.wikimedia.org/w/index.php?oldid=154264161,refers,FARB 6412
http://commons.wikimedia.org/w/index.php?oldid=148150405,refers,AMNH 274153
http://commons.wikimedia.org/w/index.php?oldid=184068419,refers,AMNH 5245
http://commons.wikimedia.org/w/index.php?oldid=183446803,refers,AMNH 24000
http://commons.wikimedia.org/w/index.php?oldid=131623850,refers,AMNH 7538
http://commons.wikimedia.org/w/index.php?oldid=155593613,refers,AMNH 0044
http://commons.wikimedia.org/w/index.php?oldid=178712402,refers,AMNH 6516.
http://commons.wikimedia.org/w/index.php?oldid=183446800,refers,AMNH 24000
http://commons.wikimedia.org/w/index.php?oldid=183295305,refers,AMNH 1696
http://commons.wikimedia.org/w/index.php?oldid=150339568,refers,AMNH 22555
http://commons.wikimedia.org/w/index.php?oldid=182638862,refers,AMNH 650
http://commons.wikimedia.org/w/index.php?oldid=179053809,refers,AMNH 5664
http://commons.wikimedia.org/w/index.php?oldid=171622584,refers,AMNH 274168
http://commons.wikimedia.org/w/index.php?oldid=171622639,refers,ZIN 91205
http://commons.wikimedia.org/w/index.php?oldid=150567549,refers,AMNH 6120
http://commons.wikimedia.org/w/index.php?oldid=183446801,refers,AMNH 24000
http://commons.wikimedia.org/w/index.php?oldid=178712416,refers,AMNH 6517
http://commons.wikimedia.org/w/index.php?oldid=180120841,refers,MOR 693
http://commons.wikimedia.org/w/index.php?oldid=182114955,refers,AMNH 3016
http://commons.wikimedia.org/w/index.php?oldid=180693612,refers,AMNH 59927.
http://commons.wikimedia.org/w/index.php?oldid=176228963,refers,HMK 177
http://commons.wikimedia.org/w/index.php?oldid=175627106,refers,INBS 3830
http://commons.wikimedia.org/w/index.php?oldid=175238990,refers,USNM 91757
http://commons.wikimedia.org/w/index.php?oldid=177817824,refers,USNM 743733
http://commons.wikimedia.org/w/index.php?oldid=176147758,refers,USNM 160414.
http://commons.wikimedia.org/w/index.php?oldid=176147642,refers,USNM 285032
http://commons.wikimedia.org/w/index.php?oldid=187173118,refers,USNM 180922
http://commons.wikimedia.org/w/index.php?oldid=183404409,refers,MCZ 1161
http://commons.wikimedia.org/w/index.php?oldid=182030407,refers,DPAG 2008
http://commons.wikimedia.org/w/index.php?oldid=160256425,refers,FMNH 13897
http://commons.wikimedia.org/w/index.php?oldid=186382817,refers,MVZ 172412.
http://commons.wikimedia.org/w/index.php?oldid=170690810,refers,MCZ 76047.
http://commons.wikimedia.org/w/index.php?oldid=170690840,refers,MCZ 76043.
http://commons.wikimedia.org/w/index.php?oldid=177818257,refers,USNM 888672
http://commons.wikimedia.org/w/index.php?oldid=175243782,refers,ULITIDAE 159
http://commons.wikimedia.org/w/index.php?oldid=170690835,refers,MCZ 76179.
http://commons.wikimedia.org/w/index.php?oldid=177821260,refers,USNM 859317.
http://commons.wikimedia.org/w/index.php?oldid=184540566,refers,THURIDEA 145
http://commons.wikimedia.org/w/index.php?oldid=187672950,refers,ITONIDAE 85
http://commons.wikimedia.org/w/index.php?oldid=175247137,refers,USNM 411543
http://commons.wikimedia.org/w/index.php?oldid=177820562,refers,OBRANCHS 195
http://commons.wikimedia.org/w/index.php?oldid=175224851,refers,MVZ 155199.
http://commons.wikimedia.org/w/index.php?oldid=175224907,refers,IBISES 63
http://commons.wikimedia.org/w/index.php?oldid=182106775,refers,USNM 43463
http://commons.wikimedia.org/w/index.php?oldid=176280413,refers,BULLETIN 75.
http://commons.wikimedia.org/w/index.php?oldid=185814651,refers,USNM 2673
http://commons.wikimedia.org/w/index.php?oldid=187159721,refers,USNM 333454
http://commons.wikimedia.org/w/index.php?oldid=180408112,refers,USNM 123735.
http://commons.wikimedia.org/w/index.php?oldid=160256409,refers,FMNH 13897
http://commons.wikimedia.org/w/index.php?oldid=176053806,refers,MGNP 2438
http://commons.wikimedia.org/w/index.php?oldid=160938195,refers,SIGMA 7
http://commons.wikimedia.org/w/index.php?oldid=180693624,refers,MCZ 35971.
http://commons.wikimedia.org/w/index.php?oldid=172001571,refers,CMD 458
http://commons.wikimedia.org/w/index.php?oldid=174192952,refers,USNM 11907.
http://commons.wikimedia.org/w/index.php?oldid=178919299,refers,USNM 2672
http://commons.wikimedia.org/w/index.php?oldid=184631423,refers,USNM 1
http://commons.wikimedia.org/w/index.php?oldid=184431965,refers,USNM 578190
http://commons.wikimedia.org/w/index.php?oldid=135924315,refers,AULTSORT:1775
http://commons.wikimedia.org/w/index.php?oldid=151093431,refers,AULTSORT:1776
http://commons.wikimedia.org/w/index.php?oldid=182815981,refers,AULTSORT:1790
http://commons.wikimedia.org/w/index.php?oldid=180693570,refers,MCZ 155851.
http://commons.wikimedia.org/w/index.php?oldid=90816589,refers,USNM 509539
http://commons.wikimedia.org/w/index.php?oldid=182819787,refers,USNM 2673
http://commons.wikimedia.org/w/index.php?oldid=125125345,refers,HSDB 3126
http://commons.wikimedia.org/w/index.php?oldid=180920073,refers,USNM 3814
http://commons.wikimedia.org/w/index.php?oldid=65026944,refers,USNM 346387
http://commons.wikimedia.org/w/index.php?oldid=174130009,refers,LACM 154560
http://commons.wikimedia.org/w/index.php?oldid=177821343,refers,USNM 859315.
http://commons.wikimedia.org/w/index.php?oldid=184631418,refers,USNM 1000153
http://commons.wikimedia.org/w/index.php?oldid=182819794,refers,USNM 2673
http://commons.wikimedia.org/w/index.php?oldid=176576812,refers,MCZ 1285
http://commons.wikimedia.org/w/index.php?oldid=170090499,refers,MCZ 342221
http://commons.wikimedia.org/w/index.php?oldid=170690806,refers,MCZ 76103
http://commons.wikimedia.org/w/index.php?oldid=187696743,refers,MCZ 57783.
http://commons.wikimedia.org/w/index.php?oldid=175623530,refers,INBS 3830
http://commons.wikimedia.org/w/index.php?oldid=177818406,refers,AMNH 270411
http://commons.wikimedia.org/w/index.php?oldid=185305844,refers,MCZ 2151
http://commons.wikimedia.org/w/index.php?oldid=170690809,refers,MCZ 76079.
http://commons.wikimedia.org/w/index.php?oldid=185024660,refers,ISBN 0
http://commons.wikimedia.org/w/index.php?oldid=177820411,refers,BULLETIN 19
http://commons.wikimedia.org/w/index.php?oldid=185305842,refers,FMNH 232569
http://commons.wikimedia.org/w/index.php?oldid=182106786,refers,GONECTES 85
http://commons.wikimedia.org/w/index.php?oldid=175626722,refers,USNM 195385
http://commons.wikimedia.org/w/index.php?oldid=177818266,refers,OCEAN 3
http://commons.wikimedia.org/w/index.php?oldid=177817733,refers,SBMNH 35514.
http://commons.wikimedia.org/w/index.php?oldid=177821282,refers,ITONIDAE 99
http://commons.wikimedia.org/w/index.php?oldid=176147135,refers,USNM 262135
http://commons.wikimedia.org/w/index.php?oldid=176108079,refers,SIO 84
http://commons.wikimedia.org/w/index.php?oldid=176146411,refers,USNM 244890
http://commons.wikimedia.org/w/index.php?oldid=176146852,refers,USNM 311880
http://commons.wikimedia.org/w/index.php?oldid=176146416,refers,USNM 180245
http://commons.wikimedia.org/w/index.php?oldid=175618822,refers,USNM 149140
http://commons.wikimedia.org/w/index.php?oldid=187173103,refers,USNM 160364
http://commons.wikimedia.org/w/index.php?oldid=187159866,refers,APEX 10
http://commons.wikimedia.org/w/index.php?oldid=174923006,refers,LIBRARY 00113019
http://commons.wikimedia.org/w/index.php?oldid=150340083,refers,AMNH 5147.
http://commons.wikimedia.org/w/index.php?oldid=153996760,refers,NGMC 2127
http://commons.wikimedia.org/w/index.php?oldid=178228238,refers,AMNH 22555
http://commons.wikimedia.org/w/index.php?oldid=179657758,refers,LIBRARY 100100260
http://commons.wikimedia.org/w/index.php?oldid=179918575,refers,LIBRARY 100101793
http://commons.wikimedia.org/w/index.php?oldid=181891027,refers,LIBRARY 100105045
http://commons.wikimedia.org/w/index.php?oldid=175228481,refers,PIN 2232
http://commons.wikimedia.org/w/index.php?oldid=92466455,refers,IUCN 2012.
http://commons.wikimedia.org/w/index.php?oldid=184713144,refers,NIODONTA 101
http://commons.wikimedia.org/w/index.php?oldid=140967225,refers,AMNH 3.4
http://commons.wikimedia.org/w/index.php?oldid=171205019,refers,ENGLAND .
http://commons.wikimedia.org/w/index.php?oldid=171205031,refers,DECEMBER 1969
http://commons.wikimedia.org/w/index.php?oldid=173324366,refers,FMNH 299441
http://commons.wikimedia.org/w/index.php?oldid=181746224,refers,USNM 223979
http://commons.wikimedia.org/w/index.php?oldid=176146616,refers,USNM 310585
http://commons.wikimedia.org/w/index.php?oldid=173324332,refers,FIGURE 1.
http://commons.wikimedia.org/w/index.php?oldid=177820650,refers,OBRANCHS 193
http://commons.wikimedia.org/w/index.php?oldid=177821239,refers,ITONIDAE 93
http://commons.wikimedia.org/w/index.php?oldid=177821221,refers,ITONIDAE 83
http://commons.wikimedia.org/w/index.php?oldid=177818789,refers,ONORELLA 39
http://commons.wikimedia.org/w/index.php?oldid=176146169,refers,USNM 310961
http://commons.wikimedia.org/w/index.php?oldid=176146274,refers,USNM 180058
http://commons.wikimedia.org/w/index.php?oldid=176146729,refers,USNM 181194
http://commons.wikimedia.org/w/index.php?oldid=182113217,refers,USNM 69901
http://commons.wikimedia.org/w/index.php?oldid=175250169,refers,ULITIDAE 77
http://commons.wikimedia.org/w/index.php?oldid=177176965,refers,USNM 238104
http://commons.wikimedia.org/w/index.php?oldid=176146068,refers,USNM 180030
http://commons.wikimedia.org/w/index.php?oldid=176146299,refers,USNM 180114
http://commons.wikimedia.org/w/index.php?oldid=176146551,refers,USNM 215649
http://commons.wikimedia.org/w/index.php?oldid=176146249,refers,USNM 307949
http://commons.wikimedia.org/w/index.php?oldid=182730213,refers,SCHULTZ 31
http://commons.wikimedia.org/w/index.php?oldid=176146105,refers,USNM 180947
http://commons.wikimedia.org/w/index.php?oldid=177818770,refers,UTEP 12313
http://commons.wikimedia.org/w/index.php?oldid=177820546,refers,OBRANCHS 191
http://commons.wikimedia.org/w/index.php?oldid=177820644,refers,OBRANCHS 189
http://commons.wikimedia.org/w/index.php?oldid=187173119,refers,CONABIO 1999
http://commons.wikimedia.org/w/index.php?oldid=187173117,refers,USNM 309515
http://commons.wikimedia.org/w/index.php?oldid=177820364,refers,OUZC 1633
http://commons.wikimedia.org/w/index.php?oldid=177820666,refers,USNM 836986
http://commons.wikimedia.org/w/index.php?oldid=175335241,refers,HANDLEY 123
http://commons.wikimedia.org/w/index.php?oldid=170621634,refers,YPM 6243
http://commons.wikimedia.org/w/index.php?oldid=176146330,refers,USNM 215649
http://commons.wikimedia.org/w/index.php?oldid=176146659,refers,USNM 310585
http://commons.wikimedia.org/w/index.php?oldid=176146259,refers,USNM 313162
http://commons.wikimedia.org/w/index.php?oldid=176051138,refers,USNM 369
http://commons.wikimedia.org/w/index.php?oldid=176151904,refers,WORLD 255
http://commons.wikimedia.org/w/index.php?oldid=164619495,refers,AULTSORT:1771
http://commons.wikimedia.org/w/index.php?oldid=185305827,refers,LSUMZ 27374
http://commons.wikimedia.org/w/index.php?oldid=177817859,refers,FMNH 65394
http://commons.wikimedia.org/w/index.php?oldid=175623189,refers,FMNH 127442
http://commons.wikimedia.org/w/index.php?oldid=177820360,refers,USNM 456242
http://commons.wikimedia.org/w/index.php?oldid=177818246,refers,USNM 760617
http://commons.wikimedia.org/w/index.php?oldid=177818822,refers,LACM 3046
http://commons.wikimedia.org/w/index.php?oldid=177821287,refers,USNM 867015
http://commons.wikimedia.org/w/index.php?oldid=176146484,refers,USNM 180947
http://commons.wikimedia.org/w/index.php?oldid=182106735,refers,BULLETIN 259
http://commons.wikimedia.org/w/index.php?oldid=176147259,refers,USNM 312854
http://commons.wikimedia.org/w/index.php?oldid=178765700,refers,USNM 5690.
http://commons.wikimedia.org/w/index.php?oldid=175618748,refers,USNM 160302
http://commons.wikimedia.org/w/index.php?oldid=176147365,refers,BULLETIN 214
http://commons.wikimedia.org/w/index.php?oldid=176146454,refers,USNM 180245
http://commons.wikimedia.org/w/index.php?oldid=176147158,refers,USNM 307255
http://commons.wikimedia.org/w/index.php?oldid=176146316,refers,USNM 311191
http://commons.wikimedia.org/w/index.php?oldid=176146284,refers,USNM 180241
http://commons.wikimedia.org/w/index.php?oldid=170690829,refers,MCZ 76142.
http://commons.wikimedia.org/w/index.php?oldid=184568355,refers,MCZ 100109
http://commons.wikimedia.org/w/index.php?oldid=180693582,refers,MCZ 3716
http://commons.wikimedia.org/w/index.php?oldid=185305736,refers,MCZ 181161
http://commons.wikimedia.org/w/index.php?oldid=167479680,refers,JEP 8003
http://commons.wikimedia.org/w/index.php?oldid=185118322,refers,MCZ 8893
http://commons.wikimedia.org/w/index.php?oldid=177817880,refers,BARTSCHI 13
http://commons.wikimedia.org/w/index.php?oldid=185305748,refers,MCZ 17422
http://commons.wikimedia.org/w/index.php?oldid=185305748,refers,MCZ 17422
http://commons.wikimedia.org/w/index.php?oldid=178226824,refers,MCZ 1503
http://commons.wikimedia.org/w/index.php?oldid=150714616,refers,MCZ 1675
http://commons.wikimedia.org/w/index.php?oldid=177822309,refers,MONOIDEA 3
http://commons.wikimedia.org/w/index.php?oldid=181927627,refers,LIBRARY 100113308
http://commons.wikimedia.org/w/index.php?oldid=185307447,refers,AMNH 109863
http://commons.wikimedia.org/w/index.php?oldid=177822307,refers,MONOIDEA 5
http://commons.wikimedia.org/w/index.php?oldid=177822315,refers,AMNH 46599
http://commons.wikimedia.org/w/index.php?oldid=177818633,refers,AMNH 46598
http://commons.wikimedia.org/w/index.php?oldid=181454326,refers,LIBRARY 00115433
http://commons.wikimedia.org/w/index.php?oldid=179051339,refers,AMNH 5214
http://commons.wikimedia.org/w/index.php?oldid=177584197,refers,AMNH 168757
http://commons.wikimedia.org/w/index.php?oldid=179390608,refers,IXDKX 351
http://commons.wikimedia.org/w/index.php?oldid=182638867,refers,AMNH 650
http://commons.wikimedia.org/w/index.php?oldid=159879801,refers,AMNH 248081
http://commons.wikimedia.org/w/index.php?oldid=185305019,refers,AMNH 6940.
http://commons.wikimedia.org/w/index.php?oldid=175248413,refers,USNM 13112
http://commons.wikimedia.org/w/index.php?oldid=175246743,refers,USNM 108966.
http://commons.wikimedia.org/w/index.php?oldid=175243731,refers,ULITIDAE 147
http://commons.wikimedia.org/w/index.php?oldid=182106762,refers,BULLETIN 2
http://commons.wikimedia.org/w/index.php?oldid=184347938,refers,USNM 184666
http://commons.wikimedia.org/w/index.php?oldid=176147680,refers,USNM 159928
http://commons.wikimedia.org/w/index.php?oldid=175241086,refers,NHM 1997.724
http://commons.wikimedia.org/w/index.php?oldid=176955080,refers,EOLID:65534
http://commons.wikimedia.org/w/index.php?oldid=175012871,refers,EOLID:10999588
http://commons.wikimedia.org/w/index.php?oldid=175012953,refers,RIL 1854
http://commons.wikimedia.org/w/index.php?oldid=175012666,refers,EOLID:29567
http://commons.wikimedia.org/w/index.php?oldid=174997003,refers,EOLID:11119143
http://commons.wikimedia.org/w/index.php?oldid=174996818,refers,EOLID:11119143
http://commons.wikimedia.org/w/index.php?oldid=174996792,refers,EOLID:11119143
http://commons.wikimedia.org/w/index.php?oldid=174997036,refers,EOLID:11119143
http://commons.wikimedia.org/w/index.php?oldid=174997025,refers,EOLID:11119143
http://commons.wikimedia.org/w/index.php?oldid=176947096,refers,EOLID:3126855
http://commons.wikimedia.org/w/index.php?oldid=175012364,refers,EOLID:10999588
http://commons.wikimedia.org/w/index.php?oldid=175012897,refers,ATREILLE 1801
http://commons.wikimedia.org/w/index.php?oldid=175012942,refers,EOLID:15711
http://commons.wikimedia.org/w/index.php?oldid=174997053,refers,EOLID:11119143
http://commons.wikimedia.org/w/index.php?oldid=174996885,refers,EOLID:11119143
http://commons.wikimedia.org/w/index.php?oldid=174996946,refers,EOLID:11119143
http://commons.wikimedia.org/w/index.php?oldid=175012670,refers,EOLID:41054
http://commons.wikimedia.org/w/index.php?oldid=174997033,refers,EOLID:11119143
http://commons.wikimedia.org/w/index.php?oldid=174997017,refers,EOLID:11119143
http://commons.wikimedia.org/w/index.php?oldid=174997100,refers,EOLID:11119143
http://commons.wikimedia.org/w/index.php?oldid=174996773,refers,EOLID:11119143
http://commons.wikimedia.org/w/index.php?oldid=174996766,refers,EOLID:11119143
http://commons.wikimedia.org/w/index.php?oldid=174997383,refers,EOLID:11119143
http://commons.wikimedia.org/w/index.php?oldid=174997029,refers,EOLID:11119143
http://commons.wikimedia.org/w/index.php?oldid=174996950,refers,EOLID:11119143
http://commons.wikimedia.org/w/index.php?oldid=174997417,refers,EOLID:11119143
http://commons.wikimedia.org/w/index.php?oldid=174997394,refers,EOLID:11119143
http://commons.wikimedia.org/w/index.php?oldid=176070919,refers,BMNH 1913.9.16.9
http://commons.wikimedia.org/w/index.php?oldid=176947100,refers,EOLID:3126820
http://commons.wikimedia.org/w/index.php?oldid=174997375,refers,EOLID:11119143
http://commons.wikimedia.org/w/index.php?oldid=175012690,refers,EOLID:11017315
http://commons.wikimedia.org/w/index.php?oldid=175012782,refers,EOLID:10999588
http://commons.wikimedia.org/w/index.php?oldid=174996761,refers,EOLID:11119143
http://commons.wikimedia.org/w/index.php?oldid=174996807,refers,EOLID:11119143
http://commons.wikimedia.org/w/index.php?oldid=174996821,refers,EOLID:11119143
http://commons.wikimedia.org/w/index.php?oldid=174996758,refers,EOLID:11119143
http://commons.wikimedia.org/w/index.php?oldid=174997131,refers,EOLID:11119143
http://commons.wikimedia.org/w/index.php?oldid=174997151,refers,EOLID:11119143
http://commons.wikimedia.org/w/index.php?oldid=174997054,refers,EOLID:11119143
http://commons.wikimedia.org/w/index.php?oldid=174997141,refers,EOLID:11119143
http://commons.wikimedia.org/w/index.php?oldid=174997420,refers,EOLID:11119143
http://commons.wikimedia.org/w/index.php?oldid=176947082,refers,EOLID:3773708
http://commons.wikimedia.org/w/index.php?oldid=145000576,refers,NWA 869
http://commons.wikimedia.org/w/index.php?oldid=174996826,refers,EOLID:11119143
http://commons.wikimedia.org/w/index.php?oldid=176947079,refers,EOLID:3126867
http://commons.wikimedia.org/w/index.php?oldid=174996994,refers,EOLID:11119143
http://commons.wikimedia.org/w/index.php?oldid=174997048,refers,EOLID:11119143
http://commons.wikimedia.org/w/index.php?oldid=174996966,refers,EOLID:11119143
http://commons.wikimedia.org/w/index.php?oldid=174997159,refers,EOLID:11119143
http://commons.wikimedia.org/w/index.php?oldid=174996779,refers,EOLID:11119143
http://commons.wikimedia.org/w/index.php?oldid=174996813,refers,EOLID:11119143
http://commons.wikimedia.org/w/index.php?oldid=174997448,refers,EOLID:11119143
http://commons.wikimedia.org/w/index.php?oldid=174996787,refers,EOLID:11119143
http://commons.wikimedia.org/w/index.php?oldid=174997404,refers,EOLID:11119143
http://commons.wikimedia.org/w/index.php?oldid=174997166,refers,EOLID:11119143
http://commons.wikimedia.org/w/index.php?oldid=174997435,refers,EOLID:11119143
http://commons.wikimedia.org/w/index.php?oldid=175012842,refers,EOLID:10999588
http://commons.wikimedia.org/w/index.php?oldid=175012834,refers,EOLID:10999588
http://commons.wikimedia.org/w/index.php?oldid=175012387,refers,EOLID:10999588
http://commons.wikimedia.org/w/index.php?oldid=175012312,refers,EOLID:1018939
http://commons.wikimedia.org/w/index.php?oldid=175012905,refers,EOLID:10999588
http://commons.wikimedia.org/w/index.php?oldid=174996960,refers,EOLID:11119143
http://commons.wikimedia.org/w/index.php?oldid=174997426,refers,EOLID:11119143
http://commons.wikimedia.org/w/index.php?oldid=174997062,refers,EOLID:11119143
http://commons.wikimedia.org/w/index.php?oldid=174997066,refers,EOLID:11119143
http://commons.wikimedia.org/w/index.php?oldid=174997077,refers,EOLID:11119143
http://commons.wikimedia.org/w/index.php?oldid=174996833,refers,EOLID:11119143
http://commons.wikimedia.org/w/index.php?oldid=174997365,refers,EOLID:11119143
http://commons.wikimedia.org/w/index.php?oldid=174997437,refers,EOLID:11119143
http://commons.wikimedia.org/w/index.php?oldid=184618817,refers,USNM 228133
http://commons.wikimedia.org/w/index.php?oldid=182106731,refers,BULLETIN 2
http://commons.wikimedia.org/w/index.php?oldid=185293125,refers,MICINCTA 43
http://commons.wikimedia.org/w/index.php?oldid=177821291,refers,USNM 859319.
http://commons.wikimedia.org/w/index.php?oldid=177816774,refers,LACM 62
http://commons.wikimedia.org/w/index.php?oldid=176151823,refers,WHALE 33
http://commons.wikimedia.org/w/index.php?oldid=175248397,refers,ULITIDAE 95
http://commons.wikimedia.org/w/index.php?oldid=175230173,refers,USNM 342109
http://commons.wikimedia.org/w/index.php?oldid=187906245,refers,USNM 558413.
http://commons.wikimedia.org/w/index.php?oldid=184550408,refers,BULLETIN 228
http://commons.wikimedia.org/w/index.php?oldid=175242797,refers,AFRICA 325
http://commons.wikimedia.org/w/index.php?oldid=176148386,refers,USNM 60284
http://commons.wikimedia.org/w/index.php?oldid=175623534,refers,USNM 153400
http://commons.wikimedia.org/w/index.php?oldid=175619987,refers,ZFMK 26126
http://commons.wikimedia.org/w/index.php?oldid=177818515,refers,SBMNH 34248
http://commons.wikimedia.org/w/index.php?oldid=177820397,refers,SIA 7418
http://commons.wikimedia.org/w/index.php?oldid=177821268,refers,USNM 859319.
http://commons.wikimedia.org/w/index.php?oldid=177821286,refers,USNM 859315.
http://commons.wikimedia.org/w/index.php?oldid=187173108,refers,USNM 60259
http://commons.wikimedia.org/w/index.php?oldid=175193824,refers,VEM 4.3
http://commons.wikimedia.org/w/index.php?oldid=177821348,refers,DMNH 95381
http://commons.wikimedia.org/w/index.php?oldid=176147894,refers,USNM 76108
http://commons.wikimedia.org/w/index.php?oldid=176147997,refers,SNM 181179
http://commons.wikimedia.org/w/index.php?oldid=176146264,refers,USNM 180241
http://commons.wikimedia.org/w/index.php?oldid=182106757,refers,USNM 77804
http://commons.wikimedia.org/w/index.php?oldid=184540628,refers,USNM 170272
http://commons.wikimedia.org/w/index.php?oldid=184618787,refers,USNM 216760
http://commons.wikimedia.org/w/index.php?oldid=175220261,refers,USNM 32728
http://commons.wikimedia.org/w/index.php?oldid=184540603,refers,USNM 170542
http://commons.wikimedia.org/w/index.php?oldid=184540626,refers,USNM 170545
http://commons.wikimedia.org/w/index.php?oldid=184540570,refers,THURIDEA 183
http://commons.wikimedia.org/w/index.php?oldid=175623532,refers,USNM 153400
http://commons.wikimedia.org/w/index.php?oldid=182106727,refers,GONECTES 29
http://commons.wikimedia.org/w/index.php?oldid=177818245,refers,FAUNAS 53
http://commons.wikimedia.org/w/index.php?oldid=185305845,refers,USNM 98045
http://commons.wikimedia.org/w/index.php?oldid=185293108,refers,ASB 39
http://commons.wikimedia.org/w/index.php?oldid=177818813,refers,GROUP 103
http://commons.wikimedia.org/w/index.php?oldid=162416695,refers,WNLW 08.
http://commons.wikimedia.org/w/index.php?oldid=180693623,refers,MCZ 78292
http://commons.wikimedia.org/w/index.php?oldid=185305869,refers,MCZ 182242
http://commons.wikimedia.org/w/index.php?oldid=177817772,refers,MCZ 302559
http://commons.wikimedia.org/w/index.php?oldid=185305836,refers,MCZ 181153
http://commons.wikimedia.org/w/index.php?oldid=185305821,refers,MCZ 17421
http://commons.wikimedia.org/w/index.php?oldid=75979223,refers,MCZ 072063
http://commons.wikimedia.org/w/index.php?oldid=180858455,refers,LIBRARY 00206052
http://commons.wikimedia.org/w/index.php?oldid=185302542,refers,FISHES 195
http://commons.wikimedia.org/w/index.php?oldid=176959843,refers,EOLID:57860
http://commons.wikimedia.org/w/index.php?oldid=176959840,refers,EOLID:10719786
http://commons.wikimedia.org/w/index.php?oldid=176959834,refers,EOLID:108134
http://commons.wikimedia.org/w/index.php?oldid=176959835,refers,EOLID:4759043
http://commons.wikimedia.org/w/index.php?oldid=176947102,refers,EOLID:13134555
http://commons.wikimedia.org/w/index.php?oldid=176956684,refers,PZSL 1848
http://commons.wikimedia.org/w/index.php?oldid=176956682,refers,CTJSCUS 0
http://commons.wikimedia.org/w/index.php?oldid=176956692,refers,PZSL 1848
http://commons.wikimedia.org/w/index.php?oldid=176956735,refers,PZSL 1848
http://commons.wikimedia.org/w/index.php?oldid=176960255,refers,EOLID:11096836
http://commons.wikimedia.org/w/index.php?oldid=176960233,refers,EOLID:11042072
http://commons.wikimedia.org/w/index.php?oldid=176960238,refers,EOLID:204573
http://commons.wikimedia.org/w/index.php?oldid=176960239,refers,EOLID:9097653
http://commons.wikimedia.org/w/index.php?oldid=176960241,refers,EOLID:11024049
http://commons.wikimedia.org/w/index.php?oldid=176960242,refers,EOLID:570398
http://commons.wikimedia.org/w/index.php?oldid=176960252,refers,EOLID:5129572
http://commons.wikimedia.org/w/index.php?oldid=176960262,refers,ELONGATE 2.
http://commons.wikimedia.org/w/index.php?oldid=176960270,refers,CUTCUTIA .
http://commons.wikimedia.org/w/index.php?oldid=176960287,refers,EOLID:219316
http://commons.wikimedia.org/w/index.php?oldid=176960293,refers,ACANTHUS 2
http://commons.wikimedia.org/w/index.php?oldid=176960334,refers,RNATICUS .
http://commons.wikimedia.org/w/index.php?oldid=176960343,refers,USSELLII 4.
http://commons.wikimedia.org/w/index.php?oldid=176960372,refers,IGOLEPIS 3
http://commons.wikimedia.org/w/index.php?oldid=176960381,refers,EOLID:23804
http://commons.wikimedia.org/w/index.php?oldid=176960377,refers,NOBILIS .
http://commons.wikimedia.org/w/index.php?oldid=176960383,refers,DIAIJA 4
http://commons.wikimedia.org/w/index.php?oldid=176960386,refers,MACUEATA 3
http://commons.wikimedia.org/w/index.php?oldid=176960407,refers,LINEAKIS 2
http://commons.wikimedia.org/w/index.php?oldid=176960417,refers,EOLID:340265
http://commons.wikimedia.org/w/index.php?oldid=176960419,refers,EOLID:13982227
http://commons.wikimedia.org/w/index.php?oldid=176960411,refers,EOLID:4608282
http://commons.wikimedia.org/w/index.php?oldid=176959838,refers,EOLID:10719936
http://commons.wikimedia.org/w/index.php?oldid=176960229,refers,EOLID:212557
http://commons.wikimedia.org/w/index.php?oldid=174974689,refers,EOLID:4751982
http://commons.wikimedia.org/w/index.php?oldid=176942480,refers,EOLID:77930
http://commons.wikimedia.org/w/index.php?oldid=176955319,refers,EOLID:44051
http://commons.wikimedia.org/w/index.php?oldid=176955322,refers,UYONUS .
http://commons.wikimedia.org/w/index.php?oldid=176960278,refers,EOLID:11111419
http://commons.wikimedia.org/w/index.php?oldid=176960279,refers,LANZANIL 3
http://commons.wikimedia.org/w/index.php?oldid=176960301,refers,LCHELLUS .
http://commons.wikimedia.org/w/index.php?oldid=176960307,refers,EOLID:11090530
http://commons.wikimedia.org/w/index.php?oldid=176960317,refers,EOLID:1279493
http://commons.wikimedia.org/w/index.php?oldid=176960320,refers,SANDKHOL 3
http://commons.wikimedia.org/w/index.php?oldid=176960327,refers,EOLID:1012932
http://commons.wikimedia.org/w/index.php?oldid=176960329,refers,EOLID:804627
http://commons.wikimedia.org/w/index.php?oldid=176960337,refers,EOLID:23804
http://commons.wikimedia.org/w/index.php?oldid=176960342,refers,ICATULUS 3
http://commons.wikimedia.org/w/index.php?oldid=176960351,refers,CELLATUS 8.
http://commons.wikimedia.org/w/index.php?oldid=176956710,refers,PZSL 1848
http://commons.wikimedia.org/w/index.php?oldid=179667204,refers,EOLID:1198589
http://commons.wikimedia.org/w/index.php?oldid=179666864,refers,CZH .
http://commons.wikimedia.org/w/index.php?oldid=179771176,refers,EOLID:4538982
http://commons.wikimedia.org/w/index.php?oldid=179771345,refers,PEN 5
http://commons.wikimedia.org/w/index.php?oldid=179769866,refers,EOLID:11080335
